year,industry_code,code_source,inspection_count,violation_count,accident_count,avg_penalty,avg_gravity,avg_injury_degree
1995,07,NAICS,2601,3607.0,265.0,484.10005262740833,0.80188476493335,1.8943396226415095
1995,10,NAICS,581,463.0,95.0,1256.8268730049178,1.5876236543706224,
1995,15,NAICS,39327,68321.0,1413.0,742.5558368772738,2.4036111638344515,1.5244161358811041
1995,20,NAICS,25114,102336.0,1570.0,760.8606025031334,1.4994301994638357,
1995,40,NAICS,3128,6503.0,211.0,,1.52186515650158,1.5592417061611374
1995,48,NAICS,236,246.0,12.0,932.547619047619,1.378238341968912,1.6666666666666667
1995,49,NAICS,1356,3365.0,123.0,1004.2267759562842,1.7372330547818013,1.5365853658536586
1995,50,NAICS,2726,8961.0,183.0,838.6922841993828,1.2719577848096395,1.5846994535519126
1995,52,NAICS,6137,17234.0,190.0,485.58064444457733,0.956694033681398,1.763157894736842
1995,60,NAICS,1198,2843.0,77.0,828.9743489748508,1.4876505077137179,
1995,72,NAICS,613,1641.0,10.0,442.14183835182246,1.2558620689655173,1.8
1995,75,NAICS,4298,11885.0,232.0,556.2702839356189,1.4651175852497578,1.5862068965517242
1995,79,NAICS,708,1845.0,45.0,747.0444574457605,1.1400924493076285,1.8666666666666667
1995,80,NAICS,2035,4453.0,35.0,605.8084866828087,1.2798588490770901,2.142857142857143
1995,82,NAICS,1508,4449.0,31.0,520.0374629080119,0.8565719360568383,1.903225806451613
1995,83,NAICS,485,1044.0,4.0,421.26979166666666,1.1708609271523178,2.0
1995,89,NAICS,789,1163.0,43.0,640.6629874682234,1.304021506361119,
1995,90,NAICS,4008,9277.0,138.0,753.0510281356344,1.511495829683356,1.9202898550724639
1996,07,NAICS,1967,4087.0,217.0,1477.4383312433336,1.4093763775667572,1.5898617511520738
1996,10,NAICS,692,875.0,91.0,1682.2528801223839,2.1817135760254196,
1996,15,NAICS,39459,71511.0,1383.0,970.3201646542308,2.469147524849397,1.5950831525668836
1996,20,NAICS,23619,100870.0,1237.0,966.6573942486343,1.6107611432366047,
1996,40,NAICS,2892,6935.0,194.0,837.0931579375664,1.6229788044576012,
1996,48,NAICS,234,296.0,18.0,1821.7862903225807,1.6470588235294117,1.3888888888888888
1996,49,NAICS,1512,3984.0,119.0,1619.3900083963056,2.23683280311064,1.588235294117647
1996,50,NAICS,2622,9285.0,187.0,850.814013794584,1.643846533172087,1.6363636363636365
1996,52,NAICS,4924,13256.0,164.0,587.3725264693958,0.8800213533242477,1.9390243902439024
1996,60,NAICS,1263,3332.0,40.0,884.1837199405568,1.554744408263612,
1996,72,NAICS,556,1779.0,8.0,400.4980751173709,1.1746442432082795,1.625
1996,75,NAICS,3802,11799.0,150.0,632.3710722233365,1.5821496539627313,1.5733333333333333
1996,79,NAICS,730,2118.0,39.0,593.0032674252748,1.162209636288717,1.5897435897435896
1996,80,NAICS,1778,4356.0,13.0,714.8391540130152,1.5054854635216677,1.7692307692307692
1996,82,NAICS,1385,4136.0,26.0,490.50086805555554,1.1435331230283912,2.0
1996,83,NAICS,408,812.0,11.0,659.5605726872246,1.0723981900452488,1.7272727272727273
1996,89,NAICS,802,1508.0,35.0,816.2836724174705,2.069396708515818,
1996,90,NAICS,3716,8698.0,115.0,549.6717234089377,1.56906639216092,1.9565217391304348
1997,07,NAICS,1674,3694.0,235.0,907.1015976531932,1.497250472682244,1.5702127659574467
1997,10,NAICS,670,901.0,105.0,,1.7970196372478509,
1997,15,NAICS,46104,89689.0,1491.0,927.3554133232766,3.128367432729923,1.5486250838363513
1997,20,NAICS,27669,114340.0,1280.0,935.59294965138,1.9132574679757077,
1997,40,NAICS,3155,7906.0,200.0,862.9564840988021,1.8460373874568219,
1997,48,NAICS,234,321.0,23.0,1061.6642857142858,2.094017094017094,1.4782608695652173
1997,49,NAICS,1472,4083.0,107.0,1795.692681678608,1.783587786259542,1.4953271028037383
1997,50,NAICS,3221,10929.0,179.0,732.7193259799261,1.7602614235166485,1.5977653631284916
1997,52,NAICS,5189,15027.0,169.0,502.97665294902436,1.1482183200159868,1.8520710059171597
1997,60,NAICS,1465,3709.0,49.0,726.5301309456213,1.5229486369919722,
1997,72,NAICS,559,1776.0,11.0,687.4670616113744,1.6525096525096528,2.1818181818181817
1997,75,NAICS,4211,12766.0,214.0,586.0009763553796,1.6793386907205716,1.766355140186916
1997,79,NAICS,766,2179.0,53.0,650.1151563483525,1.5890081167519365,1.490566037735849
1997,80,NAICS,1546,3550.0,23.0,730.4836742722267,1.708067940552017,1.826086956521739
1997,82,NAICS,1636,4578.0,34.0,535.3141025641025,1.012531328320802,1.8235294117647058
1997,83,NAICS,409,776.0,16.0,954.8883248730965,1.2638146167557933,1.6875
1997,89,NAICS,830,1463.0,30.0,839.1243733806594,2.1540343974639478,1.8333333333333333
1997,90,NAICS,3815,10040.0,126.0,,1.7844131708335826,
1998,07,NAICS,2329,4290.0,271.0,545.1653426942026,2.61001168487892,1.6309963099630995
1998,10,NAICS,626,800.0,120.0,1227.2386130960547,4.468152994011977,
1998,15,NAICS,46532,92341.0,1500.0,879.9525782660548,3.7392715752168284,1.5566666666666666
1998,20,NAICS,24824,106768.0,1274.0,917.3178993037525,2.426951491746341,
1998,40,NAICS,3116,7338.0,238.0,1154.8108641103079,2.50087368432415,1.5798319327731092
1998,48,NAICS,273,331.0,18.0,1505.982638888889,2.2483660130718954,1.3333333333333333
1998,49,NAICS,1478,3672.0,134.0,1749.7331637372804,3.229605618584549,1.671641791044776
1998,50,NAICS,2744,8170.0,180.0,1233.4078674663183,2.2474661893801584,1.6277777777777778
1998,52,NAICS,4717,12523.0,186.0,478.9583262884249,1.7421400186941771,
1998,60,NAICS,1586,3680.0,32.0,1675.299261072268,2.3171159120938007,
1998,72,NAICS,476,1416.0,11.0,545.8269346733668,2.2998897464167585,1.7272727272727273
1998,75,NAICS,3774,10763.0,226.0,626.982799000407,2.4484248541700877,1.5973451327433628
1998,79,NAICS,619,1836.0,52.0,591.0820304561227,2.3284332948413518,1.6538461538461537
1998,80,NAICS,2090,5530.0,26.0,687.867728237792,2.0005449591280655,1.7692307692307692
1998,82,NAICS,1475,4715.0,29.0,814.4228119180633,1.740325865580448,2.0
1998,83,NAICS,324,673.0,5.0,326.22222222222223,2.1463414634146343,1.6
1998,89,NAICS,821,1468.0,40.0,636.1847625701874,2.542832903312662,
1998,90,NAICS,3427,8626.0,130.0,795.0213406249514,1.918760614396735,1.8
1999,07,NAICS,2784,4674.0,282.0,654.9390146598679,2.9680593405919518,1.6702127659574468
1999,10,NAICS,591,599.0,59.0,1155.809303540626,4.8066304537413105,
1999,15,NAICS,48032,96675.0,1709.0,1017.2343536821113,3.9836674636560088,1.5740198946752486
1999,20,NAICS,24631,104577.0,1444.0,1120.7618414394542,2.5142876823604694,1.8518005540166205
1999,40,NAICS,3806,7700.0,268.0,969.7258516872877,2.28252507555296,
1999,48,NAICS,297,418.0,19.0,1397.6304347826087,3.5575221238938055,1.5263157894736843
1999,49,NAICS,1295,3140.0,128.0,2793.618503118503,3.1245136186770432,1.640625
1999,50,NAICS,2837,8942.0,198.0,955.2527521223274,2.3125383618058053,1.7171717171717171
1999,52,NAICS,4253,11398.0,192.0,597.3667599049456,2.0011540376124817,1.875
1999,60,NAICS,1282,3055.0,46.0,980.7575152932872,2.9110918066925446,
1999,72,NAICS,365,1101.0,5.0,606.3176470588236,2.2217261904761907,1.4
1999,75,NAICS,4046,11172.0,272.0,799.2233952021328,2.3567964708395754,1.6691176470588236
1999,79,NAICS,592,1800.0,48.0,680.2078703703704,2.420026782725142,1.6875
1999,80,NAICS,2215,5316.0,17.0,693.3614431879375,1.920654911838791,1.6470588235294117
1999,82,NAICS,1304,3632.0,33.0,976.4538461538461,1.8834134615384615,1.9393939393939394
1999,83,NAICS,353,677.0,12.0,428.32941176470587,2.155,1.6666666666666667
1999,89,NAICS,841,1444.0,47.0,1065.9255983583525,3.09649621996866,
1999,90,NAICS,3268,7057.0,155.0,612.61522347242,2.0059935569263474,1.903225806451613
2000,07,NAICS,2706,4062.0,258.0,790.7096175464254,3.280080173103654,1.5968992248062015
2000,10,NAICS,579,873.0,69.0,,,1.289855072463768
2000,15,NAICS,47287,98104.0,1856.0,1010.9847542883069,4.16363385613145,1.6303879310344827
2000,20,NAICS,23544,101760.0,1443.0,1128.613885732628,2.663330730956006,
2000,40,NAICS,3557,8345.0,268.0,1111.5004605764393,2.417641342564622,1.507462686567164
2000,48,NAICS,257,346.0,20.0,1287.252688172043,3.4379562043795615,1.6
2000,49,NAICS,1318,2994.0,112.0,1688.820941402498,3.598634294385432,1.5982142857142858
2000,50,NAICS,2810,9246.0,164.0,842.6561377087212,2.48756037512787,1.774390243902439
2000,52,NAICS,3775,10375.0,182.0,712.51840972138,2.1992096081478305,1.7637362637362637
2000,60,NAICS,1114,2741.0,43.0,837.5803589659839,,
2000,72,NAICS,396,1407.0,13.0,762.8577371048253,2.7157738095238093,2.076923076923077
2000,75,NAICS,3616,10976.0,252.0,722.6969267947766,2.594484763564845,1.5674603174603174
2000,79,NAICS,560,1637.0,47.0,734.8402345689933,2.650575112201774,1.5957446808510638
2000,80,NAICS,2622,7092.0,26.0,731.8622197882439,1.8465376172420676,1.7692307692307692
2000,82,NAICS,1189,3335.0,28.0,900.935606060606,2.3802083333333335,2.0
2000,83,NAICS,294,628.0,6.0,584.2275,2.6733870967741935,1.6666666666666667
2000,89,NAICS,834,1726.0,74.0,1270.4509539714213,3.2733925064413882,
2000,90,NAICS,3631,9096.0,82.0,627.5243257085715,2.279486756098626,
2001,07,NAICS,2789,4803.0,295.0,866.0330080688021,3.5768388902166763,1.5661016949152542
2001,10,NAICS,747,1140.0,115.0,1257.9574962876773,,
2001,15,NAICS,50927,99575.0,1962.0,989.0175353341567,4.189236394064716,1.627420998980632
2001,20,NAICS,23469,101413.0,1264.0,941.0501352701133,,
2001,40,NAICS,3252,7761.0,264.0,959.4022393798697,2.3754475396444725,1.4772727272727273
2001,48,NAICS,246,303.0,18.0,863.9798136645962,3.032520325203252,1.6111111111111112
2001,49,NAICS,1191,2807.0,124.0,1717.6001544799174,3.7865911237016054,1.564516129032258
2001,50,NAICS,2944,9860.0,230.0,926.6364529966174,2.498033643414366,1.8217391304347825
2001,52,NAICS,4077,11512.0,210.0,733.4211867098155,2.1735072230453296,1.8285714285714285
2001,60,NAICS,1216,3028.0,57.0,721.1224703800722,2.4725632480923183,
2001,72,NAICS,518,1598.0,13.0,710.3041453831041,2.3066255778120186,1.3846153846153846
2001,75,NAICS,3620,10881.0,263.0,738.5045442600768,2.7553017553481665,1.6121673003802282
2001,79,NAICS,545,1537.0,57.0,1019.5161437236342,2.9623539982030547,1.5614035087719298
2001,80,NAICS,2372,6297.0,32.0,781.5335819637589,2.0039896737854965,1.78125
2001,82,NAICS,1115,2471.0,34.0,615.9878917378917,2.0404255319148934,1.8529411764705883
2001,83,NAICS,392,717.0,9.0,731.8416289592759,2.0448979591836736,1.7777777777777777
2001,89,NAICS,862,1550.0,41.0,760.9105758803712,2.992628623852645,1.3902439024390243
2001,90,NAICS,3272,7990.0,98.0,574.4922918012046,2.741073487242519,
2002,11,NAICS,2598,5375.0,285.0,858.1796512549633,3.152027947478215,1.6175438596491227
2002,21,NAICS,650,1089.0,102.0,1531.3532329626494,4.637213739638421,
2002,22,NAICS,1367,4656.0,149.0,1486.7005750017377,3.19379897554895,1.6778523489932886
2002,23,NAICS,54213,105345.0,1887.0,973.7546548057749,4.265979376430487,1.56809750927398
2002,31-33,NAICS,24113,102820.0,1743.0,940.9849063506017,2.6215503675053604,1.8582903040734366
2002,42,NAICS,2872,14307.0,331.0,826.407152077446,2.395278711742696,1.6827794561933536
2002,44-45,NAICS,4546,13580.0,390.0,767.5050926170186,2.413163837616103,1.6666666666666667
2002,48-49,NAICS,3607,8111.0,272.0,,,
2002,51,NAICS,346,4438.0,95.0,960.3809854739437,2.364003425310275,1.7052631578947368
2002,52,NAICS,1180,5901.0,96.0,779.1097285350653,2.482314982225795,
2002,53,NAICS,170,1479.0,26.0,931.6166011787819,1.9137614678899082,1.6538461538461537
2002,54,NAICS,4050,13579.0,304.0,791.0123255612157,,1.6546052631578947
2002,55,NAICS,6,1916.0,21.0,587.7503382949932,2.2656641604010024,1.7619047619047619
2002,56,NAICS,1334,1669.0,138.0,992.2975669099757,3.8498122653316647,1.4565217391304348
2002,61,NAICS,1333,3414.0,40.0,619.913429382953,2.869355231960601,1.775
2002,62,NAICS,3047,7770.0,44.0,798.5360882709813,2.284834188121827,1.7272727272727273
2002,71,NAICS,601,1767.0,69.0,807.7540020312556,3.0349527704293413,1.710144927536232
2002,72,NAICS,140,1964.0,14.0,863.4295779220779,2.19453207150368,1.7142857142857142
2002,81,NAICS,972,3269.0,42.0,720.4150342560467,2.1674554498703613,1.619047619047619
2002,92,NAICS,3880,13736.0,278.0,616.3136283548552,2.5543801569725297,
2003,11,NAICS,2339,5015.0,279.0,602.6319684262456,2.7429305912596402,1.6272401433691757
2003,21,NAICS,588,923.0,90.0,1336.580216535433,4.595294117647059,1.4222222222222223
2003,22,NAICS,1240,3176.0,64.0,1816.4702216066482,4.38301043219076,1.515625
2003,23,NAICS,53804,99903.0,1979.0,928.6649963550526,4.329645582742042,1.659423951490652
2003,31-33,NAICS,22983,86707.0,1199.0,925.143562958093,2.5813377885031867,1.902418682235196
2003,42,NAICS,2428,7415.0,195.0,881.2403573591763,2.7266824085005905,1.7384615384615385
2003,44-45,NAICS,3165,7988.0,207.0,813.5813376186103,2.399930020993702,1.816425120772947
2003,48-49,NAICS,3280,6665.0,242.0,983.8714310464312,2.505351083268076,1.5578512396694215
2003,51,NAICS,548,1220.0,41.0,1299.6263736263736,2.5205254515599345,1.5365853658536586
2003,52,NAICS,177,230.0,10.0,1022.5478260869565,2.987804878048781,1.6
2003,53,NAICS,769,1842.0,51.0,858.8105964467006,3.2341880341880342,1.6470588235294117
2003,54,NAICS,855,1742.0,53.0,1266.9382202304735,3.655944055944056,1.6415094339622642
2003,55,NAICS,19,47.0,0.0,1447.4761904761904,4.909090909090909,
2003,56,NAICS,3254,7053.0,348.0,1091.7796653005464,3.6190634340750583,1.5344827586206897
2003,61,NAICS,1448,3215.0,43.0,748.5657686212361,1.9750623441396506,1.627906976744186
2003,62,NAICS,3171,7566.0,50.0,850.9019119769121,2.224331122798994,1.64
2003,71,NAICS,628,1645.0,63.0,784.4359649122807,2.7746077032810277,1.492063492063492
2003,72,NAICS,1710,3920.0,66.0,716.0878694158075,2.2040133779264215,1.878787878787879
2003,81,NAICS,2837,9641.0,116.0,574.519566526189,2.289768662055807,1.6551724137931034
2003,92,NAICS,3656,8339.0,139.0,543.7045560165975,2.2213976499690786,1.6402877697841727
2004,11,NAICS,2119,4871.0,269.0,799.9861775362318,3.08953488372093,1.550185873605948
2004,21,NAICS,549,1072.0,100.0,1252.1875,3.6523809523809523,1.47
2004,22,NAICS,1073,2665.0,79.0,1459.550933125972,4.5606837606837605,1.4936708860759493
2004,23,NAICS,52918,106111.0,1923.0,986.3428124898884,4.400462652541236,1.56266250650026
2004,31-33,NAICS,22413,89969.0,1200.0,957.4356147230822,2.6571079571893903,1.8725
2004,42,NAICS,2621,8140.0,173.0,849.395,2.7409961685823756,1.676300578034682
2004,44-45,NAICS,3436,8924.0,184.0,938.4786331314195,2.4298981426003596,1.7771739130434783
2004,48-49,NAICS,3616,7696.0,283.0,1019.2616641768748,2.5155105557949153,1.480565371024735
2004,51,NAICS,532,993.0,49.0,1094.9060324825987,2.34052757793765,1.8775510204081634
2004,52,NAICS,202,208.0,9.0,1053.75,2.5238095238095237,1.4444444444444444
2004,53,NAICS,736,1681.0,36.0,1041.3103099730458,2.933641975308642,1.5277777777777777
2004,54,NAICS,785,1719.0,65.0,824.4403080872914,2.9184149184149186,1.5384615384615385
2004,55,NAICS,35,13.0,0.0,1678.3333333333333,7.666666666666667,
2004,56,NAICS,3905,8345.0,331.0,1219.1189721928897,3.4094657583363213,1.5709969788519638
2004,61,NAICS,1492,3758.0,47.0,884.6094559585492,1.7371048252911814,1.7659574468085106
2004,62,NAICS,2537,6723.0,56.0,871.3507688927945,2.1957251908396946,1.75
2004,71,NAICS,573,1880.0,60.0,828.742460658083,2.9574468085106385,1.5
2004,72,NAICS,1697,4184.0,54.0,726.7347338935574,2.3689024390243905,1.7592592592592593
2004,81,NAICS,2669,9377.0,101.0,701.3522829678582,2.5930715935334874,1.504950495049505
2004,92,NAICS,3382,7947.0,108.0,715.0970852017937,2.1896713615023473,1.5740740740740742
2005,0.,NAICS,1,0.0,0.0,,,
2005,11,NAICS,2202,4965.0,240.0,762.4212478184992,2.743114109050028,1.5583333333333333
2005,21,NAICS,720,1637.0,96.0,1540.8821761658032,3.7015663643858203,1.4270833333333333
2005,22,NAICS,1235,2747.0,66.0,1488.1237288135594,3.7990654205607473,1.5303030303030303
2005,23,NAICS,52435,104878.0,1906.0,932.0819488894196,4.344259028642591,1.614900314795383
2005,31-33,NAICS,20652,82979.0,1158.0,1439.5959945464635,2.6802279832415303,1.9214162348877375
2005,42,NAICS,2536,7668.0,210.0,976.2526962252846,2.662432966412645,1.619047619047619
2005,44-45,NAICS,3220,7862.0,227.0,981.3766131344996,2.4517879948914425,1.748898678414097
2005,48-49,NAICS,3296,7123.0,298.0,1056.4100191754555,2.4822299651567943,1.4731543624161074
2005,51,NAICS,586,958.0,45.0,1101.8318965517244,3.06378132118451,1.6888888888888889
2005,52,NAICS,157,192.0,4.0,824.4050632911391,2.126315789473684,1.5
2005,53,NAICS,626,1709.0,43.0,907.6662857142857,3.8713910761154855,1.5348837209302326
2005,54,NAICS,804,1397.0,181.0,867.6565457413249,3.1593625498007967,2.303867403314917
2005,55,NAICS,37,33.0,1.0,533.8095238095239,1.0869565217391304,2.0
2005,56,NAICS,3871,7692.0,405.0,1257.6240150659132,4.025537634408602,1.5802469135802468
2005,61,NAICS,1555,4318.0,44.0,737.6713947990544,2.332764505119454,1.5681818181818181
2005,62,NAICS,2392,5598.0,45.0,851.7363373620599,2.0600890207715135,1.6222222222222222
2005,71,NAICS,561,1782.0,59.0,956.75,3.0,1.4745762711864407
2005,72,NAICS,1782,4441.0,63.0,613.8618735083533,2.2033898305084745,1.8888888888888888
2005,81,NAICS,3074,9114.0,108.0,545.9035665171898,2.40457323975549,1.5
2005,92,NAICS,3367,6676.0,112.0,760.3622222222223,2.392341494036409,1.5089285714285714
2006,11,NAICS,2259,5262.0,299.0,811.732993850884,2.8458715596330277,1.625418060200669
2006,21,NAICS,1260,2108.0,131.0,1242.4734126984126,3.7947284345047922,1.4274809160305344
2006,22,NAICS,1213,2989.0,77.0,1267.9153368794325,4.825648414985591,1.5974025974025974
2006,23,NAICS,54710,110163.0,1956.0,968.7645043613844,4.254407745764035,1.562883435582822
2006,31-33,NAICS,20278,81348.0,1172.0,1002.7184000474269,2.9010033901390186,1.85580204778157
2006,42,NAICS,2961,9089.0,221.0,840.096801705757,2.635984290623466,1.6968325791855203
2006,44-45,NAICS,3318,7956.0,165.0,808.7213943746259,2.3529591214154975,1.7757575757575759
2006,48-49,NAICS,3374,6837.0,279.0,1147.8887596899226,2.510204081632653,1.5197132616487454
2006,51,NAICS,537,805.0,48.0,1354.8368115942033,3.115485564304462,1.8333333333333333
2006,52,NAICS,239,159.0,3.0,795.0,1.8082191780821915,1.3333333333333333
2006,53,NAICS,636,1450.0,43.0,865.4931714719272,3.228102189781022,1.441860465116279
2006,54,NAICS,763,1373.0,62.0,958.4367816091954,3.6862745098039214,1.5161290322580645
2006,55,NAICS,7,18.0,0.0,950.364375,0.0,
2006,56,NAICS,3820,9367.0,329.0,1157.0287267080746,4.019063545150502,1.513677811550152
2006,61,NAICS,1407,3324.0,67.0,926.5098039215686,2.270152505446623,1.8656716417910448
2006,62,NAICS,2479,5542.0,42.0,781.8970947030497,2.1501178054527097,1.7380952380952381
2006,71,NAICS,552,1606.0,41.0,817.9131477927064,2.7158273381294964,1.5365853658536586
2006,72,NAICS,1473,4091.0,74.0,645.6779884149553,2.223592906707787,1.6891891891891893
2006,81,NAICS,2985,9196.0,111.0,613.9443506670297,2.4617308654327164,1.5405405405405406
2006,92,NAICS,3291,6984.0,135.0,699.3475332068311,2.594269340974212,1.6074074074074074
2007,11,NAICS,2331,5166.0,276.0,795.5876988746604,3.299860529986053,1.6956521739130435
2007,21,NAICS,1282,2614.0,111.0,1130.5606721698114,3.2562761506276146,1.3963963963963963
2007,22,NAICS,1123,2659.0,97.0,1666.832167832168,4.745426829268292,1.6082474226804124
2007,23,NAICS,51966,109084.0,1921.0,965.6588126925175,4.52090095856383,1.6605934409161895
2007,31-33,NAICS,19496,78569.0,1227.0,966.8531955989044,2.9151171631990045,1.9233903830480847
2007,42,NAICS,2661,9310.0,201.0,860.4408634111818,2.712877939529675,1.7412935323383085
2007,44-45,NAICS,3349,8474.0,199.0,852.7111605937922,2.602074074074074,1.7688442211055277
2007,48-49,NAICS,3416,7838.0,276.0,1230.1302395892756,2.650945446642034,1.4963768115942029
2007,51,NAICS,473,759.0,43.0,1277.8467532467532,2.9484240687679084,1.6511627906976745
2007,52,NAICS,253,140.0,3.0,857.2033898305085,2.738095238095238,1.3333333333333333
2007,53,NAICS,797,1873.0,48.0,856.2623545331529,3.4554655870445345,1.6458333333333333
2007,54,NAICS,742,1296.0,65.0,1023.4937500000001,3.7375886524822697,1.646153846153846
2007,55,NAICS,16,5.0,0.0,2708.75,,
2007,56,NAICS,3938,8736.0,363.0,1093.5984220654266,4.167504714016342,1.5647382920110193
2007,61,NAICS,1481,3342.0,59.0,1131.8434065934066,2.4573082489146163,1.8305084745762712
2007,62,NAICS,2724,6302.0,51.0,868.7902223230491,2.264075887392901,1.8431372549019607
2007,71,NAICS,592,1954.0,63.0,1016.7547584187408,3.1005434782608696,1.507936507936508
2007,72,NAICS,1563,3913.0,54.0,749.0412472035795,2.570724841660802,1.6851851851851851
2007,81,NAICS,2290,7322.0,120.0,1435.4599845821772,2.690468171101381,1.6083333333333334
2007,92,NAICS,3403,8197.0,180.0,709.8500459558824,2.710479573712256,1.7833333333333334
2008,11,NAICS,2631,5290.0,314.0,1055.7051009564293,3.5861204013377925,1.7579617834394905
2008,21,NAICS,1397,2434.0,116.0,1388.272747603834,3.701612903225807,1.4396551724137931
2008,22,NAICS,1192,2425.0,80.0,2037.2255800000003,4.75,1.5
2008,23,NAICS,52800,105398.0,1801.0,1012.0005759999999,4.650704266130083,1.671848972792893
2008,31-33,NAICS,19649,78534.0,1114.0,1148.5054120363689,3.193785880187563,1.8375224416517055
2008,42,NAICS,3048,9947.0,212.0,875.7979244910061,3.049595805112519,1.8018867924528301
2008,44-45,NAICS,3610,8544.0,180.0,940.3571669952125,2.61212496133622,1.9333333333333333
2008,48-49,NAICS,3360,7400.0,276.0,1156.8814815932406,2.8918983700862895,1.5942028985507246
2008,51,NAICS,486,715.0,41.0,1032.1169590643274,2.7529411764705882,1.6829268292682926
2008,52,NAICS,142,175.0,1.0,698.5066666666667,2.6307692307692307,2.0
2008,53,NAICS,783,1702.0,56.0,991.0343230403801,3.668174962292609,1.7321428571428572
2008,54,NAICS,835,1513.0,49.0,1256.5066248256626,3.6694510739856803,1.530612244897959
2008,55,NAICS,18,14.0,1.0,247.5,,2.0
2008,56,NAICS,3921,8369.0,345.0,1166.0598892405064,4.411546773695585,1.5826086956521739
2008,61,NAICS,1394,3189.0,68.0,1037.1895582329316,2.3842010771992816,1.8088235294117647
2008,62,NAICS,2460,5886.0,54.0,938.2385067437378,2.1849575651155986,2.0555555555555554
2008,71,NAICS,624,2115.0,62.0,900.4159388646289,3.0467762326169407,1.7903225806451613
2008,72,NAICS,1748,4073.0,78.0,617.2465254722381,2.7250996015936253,2.141025641025641
2008,81,NAICS,2589,9241.0,124.0,592.2183675852405,2.9612590799031477,1.7096774193548387
2008,92,NAICS,3689,7543.0,169.0,771.0538883888389,2.527437641723356,1.8520710059171597
2009,11,NAICS,3115,5822.0,265.0,867.0813884068032,3.88715953307393,1.7132075471698114
2009,21,NAICS,896,1519.0,69.0,1227.0674674674674,3.6785063752276868,1.5942028985507246
2009,22,NAICS,1267,3235.0,65.0,1618.6219951923076,4.522556390977444,1.7692307692307692
2009,23,NAICS,53596,102993.0,1250.0,977.3479476070373,4.743558063027525,1.5984
2009,31-33,NAICS,20514,76870.0,815.0,1467.673970043797,3.4145082216148204,1.894478527607362
2009,42,NAICS,3189,10368.0,160.0,995.9626550620247,3.2383151671900983,1.56875
2009,44-45,NAICS,4520,10652.0,171.0,830.0274988032552,2.8092192912336795,1.8304093567251463
2009,48-49,NAICS,3631,7713.0,247.0,1231.3290022421525,3.056810403832991,1.5060728744939271
2009,51,NAICS,534,844.0,36.0,1039.4903846153845,3.108216432865732,2.111111111111111
2009,52,NAICS,153,191.0,4.0,1279.8958333333333,2.9891304347826084,1.75
2009,53,NAICS,803,1772.0,49.0,888.0557432432432,3.5587828492392806,1.6938775510204083
2009,54,NAICS,852,1470.0,61.0,1021.184811827957,3.953216374269006,1.6721311475409837
2009,55,NAICS,15,18.0,0.0,3702.0,,
2009,56,NAICS,4390,8770.0,314.0,1001.743202782788,3.996277915632754,1.5636942675159236
2009,61,NAICS,1530,3317.0,82.0,1102.7429054054055,2.5066666666666673,1.9268292682926829
2009,62,NAICS,2610,5752.0,71.0,844.1450828729282,2.400238000793336,1.8591549295774648
2009,71,NAICS,726,2356.0,70.0,878.0652080344332,2.8503253796095445,1.5857142857142856
2009,72,NAICS,2116,5196.0,67.0,692.9962335216572,3.184010152284264,1.835820895522388
2009,81,NAICS,2953,9843.0,110.0,623.3378398552363,2.920268691588785,1.5818181818181818
2009,92,NAICS,4024,8560.0,117.0,704.6412429378531,2.485796822339913,1.8632478632478633
2010,11,NAICS,2593,4605.0,300.0,904.3232905982906,3.7157221206581355,1.71
2010,21,NAICS,1028,1646.0,97.0,1742.6424324324325,4.092844974446337,1.5463917525773196
2010,22,NAICS,1399,2523.0,68.0,2214.5830804248862,4.69377990430622,1.6470588235294117
2010,23,NAICS,51581,99927.0,1210.0,1296.9292578295813,5.016060654290799,1.6413223140495867
2010,31-33,NAICS,20223,74845.0,931.0,1347.6637393345673,3.7052063230479,1.9591836734693877
2010,42,NAICS,3254,10973.0,179.0,1628.1272026431716,3.5722350897510133,1.6983240223463687
2010,44-45,NAICS,4161,10116.0,156.0,1047.8421070384527,2.9521941652365777,1.8205128205128205
2010,48-49,NAICS,3803,8566.0,241.0,1655.581013916501,3.409782399383786,1.4564315352697095
2010,51,NAICS,551,882.0,54.0,1360.1358531317494,3.7828810020876826,1.8148148148148149
2010,52,NAICS,163,117.0,6.0,908.4449152542373,2.0408163265306123,1.6666666666666667
2010,53,NAICS,732,1787.0,40.0,968.3844444444444,3.6061349693251534,1.7
2010,54,NAICS,901,1684.0,60.0,1168.1263999999999,4.532332563510392,1.55
2010,55,NAICS,17,27.0,0.0,1790.909090909091,5.6,
2010,56,NAICS,4037,7730.0,333.0,1622.816564556962,4.0858829844337095,1.5555555555555556
2010,61,NAICS,1511,3183.0,63.0,1230.5249130938587,2.5356394129979036,1.8412698412698412
2010,62,NAICS,3233,7387.0,81.0,938.4900184297824,2.5794071762870514,1.8148148148148149
2010,71,NAICS,753,2159.0,76.0,1078.5229775280898,3.33135509396637,1.6973684210526316
2010,72,NAICS,2012,5029.0,72.0,748.5621867517957,3.1268456375838927,1.6666666666666667
2010,81,NAICS,2755,9540.0,120.0,747.7433053919348,3.2045017842437553,1.6166666666666667
2010,92,NAICS,4780,9072.0,172.0,846.8634920634921,3.092018779342723,1.7616279069767442
2011,11,NAICS,2750,4387.0,362.0,1090.1174930583102,3.9978021978021974,1.8093922651933703
2011,21,NAICS,1125,1653.0,96.0,2833.2052364864867,4.622596153846154,1.4270833333333333
2011,22,NAICS,1152,2562.0,68.0,2341.2189349112427,4.480162767039674,1.4264705882352942
2011,23,NAICS,46952,87914.0,1124.0,1912.5267957696412,5.345436012793926,1.5898576512455516
2011,31-33,NAICS,20609,70104.0,879.0,1800.7842583948202,4.017645856516704,1.8907849829351535
2011,42,NAICS,3739,12046.0,186.0,1590.0230490018146,4.027222393109812,1.6505376344086022
2011,44-45,NAICS,3571,9037.0,132.0,1487.5372643566755,3.3076508620689653,1.8333333333333333
2011,48-49,NAICS,3299,7222.0,238.0,2263.212711423367,3.8762443438914027,1.4411764705882353
2011,51,NAICS,537,838.0,34.0,2011.663864628821,3.5970464135021096,1.6176470588235294
2011,52,NAICS,165,170.0,3.0,1342.7710843373493,2.5913978494623655,1.3333333333333333
2011,53,NAICS,736,1653.0,47.0,1258.224944812362,4.024484536082475,1.4042553191489362
2011,54,NAICS,835,1498.0,49.0,1297.1109090909092,3.910621761658031,1.469387755102041
2011,55,NAICS,13,16.0,0.0,543.5,4.4,
2011,56,NAICS,3894,7555.0,345.0,1737.2002499362407,4.298024620669911,1.5246376811594202
2011,61,NAICS,1579,3225.0,75.0,1735.5866788321168,2.4671814671814674,1.8666666666666667
2011,62,NAICS,2993,7101.0,69.0,1208.5821191085129,3.1714119697850087,1.8985507246376812
2011,71,NAICS,752,2083.0,76.0,1478.2515700483093,3.713498622589532,1.7105263157894737
2011,72,NAICS,1584,4074.0,71.0,1179.7655007052188,3.5435660703981533,1.7464788732394365
2011,81,NAICS,2544,8520.0,119.0,1024.7793122065727,3.821535938781088,1.546218487394958
2011,92,NAICS,4907,10397.0,182.0,698.5739412568306,3.277589134125637,1.8021978021978022
2012,0.,NAICS,1,0.0,0.0,,,
2012,11,NAICS,2819,4822.0,334.0,1216.4963079777365,4.211217183770883,1.8383233532934131
2012,21,NAICS,1094,1925.0,113.0,2275.659542230819,5.079906904577191,1.3982300884955752
2012,22,NAICS,1125,2135.0,61.0,1811.0281954887218,4.385740402193784,1.901639344262295
2012,23,NAICS,46867,84026.0,1152.0,1470.6826606008694,5.388976127531853,1.557876414273281
2012,31-33,NAICS,18601,63399.0,834.0,1536.1255430080596,4.387245598154583,1.8796630565583634
2012,42,NAICS,3225,9294.0,141.0,1331.8987008305908,4.274038461538462,1.6312056737588652
2012,44-45,NAICS,3358,7583.0,146.0,1205.3961815661817,3.813505948215535,1.8082191780821917
2012,48-49,NAICS,3250,6214.0,247.0,1544.423822447102,3.9072568503462812,1.526530612244898
2012,51,NAICS,463,698.0,17.0,1732.511994949495,3.4852941176470593,1.7058823529411764
2012,52,NAICS,138,150.0,9.0,866.4948453608248,2.5185185185185186,1.7777777777777777
2012,53,NAICS,943,2126.0,37.0,1124.062479541735,4.45249406175772,1.6216216216216217
2012,54,NAICS,867,1434.0,51.0,1466.5030795454545,4.479923518164436,1.6274509803921569
2012,55,NAICS,18,11.0,1.0,1679.6875,1.666666666666667,2.0
2012,56,NAICS,3814,7478.0,339.0,1413.7233012748825,4.604578563995838,1.6283185840707965
2012,61,NAICS,1511,3427.0,76.0,1327.534676354029,3.525581395348837,1.9078947368421053
2012,62,NAICS,3310,7017.0,81.0,933.5680276243094,3.347943098808151,1.7777777777777777
2012,71,NAICS,694,1843.0,66.0,990.5786713286714,4.291073738680466,1.5454545454545454
2012,72,NAICS,2138,5545.0,75.0,914.1084244144783,2.774079677256682,1.7333333333333334
2012,81,NAICS,2606,8428.0,108.0,863.4082431307245,3.634399052693902,1.5462962962962963
2012,92,NAICS,4974,10159.0,166.0,460.83081261101245,3.8373298768632536,1.8313253012048192
2013,11,NAICS,2742,4827.0,295.0,911.5517354289457,4.332506203473946,1.7346938775510203
2013,21,NAICS,1076,1472.0,109.0,2240.3688700999232,5.644012944983819,1.3394495412844036
2013,22,NAICS,1194,2624.0,46.0,2152.070655737705,4.675843694493783,1.6956521739130435
2013,23,NAICS,43222,80557.0,1079.0,1384.7467814127217,5.660615176036944,1.5658627087198516
2013,31-33,NAICS,17910,57523.0,697.0,1395.2036751667838,4.6347566127250275,1.8708751793400287
2013,42,NAICS,3170,9255.0,175.0,1143.7003518697393,4.740550928891736,1.5862068965517242
2013,44-45,NAICS,3855,8062.0,161.0,1202.384533898305,3.61318407960199,1.7080745341614907
2013,48-49,NAICS,3578,7562.0,255.0,1460.8736404833837,4.163686382393397,1.4509803921568627
2013,51,NAICS,428,686.0,29.0,1424.5978588235294,4.477099236641221,1.6551724137931034
2013,52,NAICS,137,182.0,3.0,994.7207446808511,2.5714285714285716,1.6666666666666667
2013,53,NAICS,768,1834.0,32.0,978.3624247635425,4.427244582043343,1.75
2013,54,NAICS,802,1346.0,55.0,1111.9146694214876,4.510851419031719,1.5636363636363637
2013,55,NAICS,22,35.0,1.0,735.0434782608696,3.4444444444444446,3.0
2013,56,NAICS,3982,8539.0,349.0,1249.233976409436,4.771380471380471,1.6131805157593124
2013,61,NAICS,1285,3217.0,63.0,1210.3736017897093,4.141501294219155,1.8571428571428572
2013,62,NAICS,3444,7090.0,62.0,941.7127654554037,3.7554634513941223,1.7096774193548387
2013,71,NAICS,750,2204.0,56.0,1009.1890060240962,4.562184024266936,1.6607142857142858
2013,72,NAICS,2031,5383.0,57.0,898.5908759124087,2.776315789473684,1.8596491228070176
2013,81,NAICS,2751,8405.0,79.0,798.160538733779,4.033504376697857,1.4683544303797469
2013,92,NAICS,4667,9953.0,138.0,766.5881624094549,4.0050385299347955,1.6014492753623188
2014,11,NAICS,2286,4117.0,249.0,952.8691399365526,4.674654377880184,1.6385542168674698
2014,21,NAICS,1305,1778.0,132.0,1843.437125382263,5.41592039800995,1.1984732824427482
2014,22,NAICS,1018,2221.0,48.0,1585.1613958560524,4.674711437565582,1.5416666666666667
2014,23,NAICS,41120,76405.0,984.0,1439.3411797374883,5.749868020304569,1.4288617886178863
2014,31-33,NAICS,17463,53488.0,631.0,1432.6499219904933,4.733909316187797,1.7952380952380953
2014,42,NAICS,3058,8117.0,147.0,1387.642229750539,4.767647058823529,1.4829931972789117
2014,44-45,NAICS,3438,7217.0,148.0,1299.1944192913386,3.7624963883270732,1.6418918918918919
2014,48-49,NAICS,3328,5852.0,236.0,1546.1013163716816,4.391393442622951,1.3432203389830508
2014,51,NAICS,422,596.0,39.0,1579.0184272300469,4.239583333333333,1.6666666666666667
2014,52,NAICS,138,140.0,3.0,1252.8525,3.1587301587301586,1.3333333333333333
2014,53,NAICS,823,1732.0,40.0,1016.3587975243149,3.9349269588313414,1.475
2014,54,NAICS,774,1239.0,49.0,1025.0892354124749,4.229946524064171,1.510204081632653
2014,55,NAICS,18,10.0,0.0,873.125,4.111111111111111,
2014,56,NAICS,4285,8476.0,316.0,1361.6091496729512,5.10987020827045,1.5379746835443038
2014,61,NAICS,1106,2399.0,49.0,919.753374233129,3.8076171875,1.7755102040816326
2014,62,NAICS,2856,5947.0,46.0,897.7382553862324,3.6375358166189113,1.6304347826086956
2014,71,NAICS,771,1890.0,56.0,938.6617012779552,3.998914223669924,1.3392857142857142
2014,72,NAICS,1807,3924.0,53.0,889.9112278533167,3.2238010657193605,1.6037735849056605
2014,81,NAICS,2476,7754.0,76.0,661.7029915014164,3.834524463991204,1.5
2014,92,NAICS,3612,6809.0,106.0,,,
2015,11,NAICS,2402,4198.0,142.0,1052.979795112318,5.685766257389723,1.056338028169014
2015,21,NAICS,949,1428.0,69.0,2005.2739022662888,6.031731640979148,1.0724637681159421
2015,22,NAICS,1083,2704.0,18.0,1394.5631030490158,5.839849269901084,1.1666666666666667
2015,23,NAICS,36974,68015.0,799.0,1375.7284180807976,6.039532045943171,1.248431618569636
2015,31-33,NAICS,17295,49649.0,297.0,1452.0642858635024,5.353876113290759,1.2760942760942762
2015,42,NAICS,2739,7376.0,83.0,1305.7243093525178,5.269933877868533,1.180722891566265
2015,44-45,NAICS,3305,7225.0,68.0,1171.263103897986,4.725961538461538,1.1764705882352942
2015,48-49,NAICS,3299,5965.0,135.0,1414.245249385318,5.152594887683966,1.1044776119402986
2015,51,NAICS,346,505.0,11.0,1300.8761569416497,5.183844011142061,1.0909090909090908
2015,52,NAICS,121,99.0,3.0,1098.4278350515465,4.857142857142857,1.0
2015,53,NAICS,771,1336.0,25.0,1025.8052282157678,5.467171717171717,1.16
2015,54,NAICS,736,1207.0,31.0,876.4971551724137,4.956632653061225,1.1290322580645162
2015,55,NAICS,26,13.0,0.0,734.6153846153846,3.6000000000000005,
2015,56,NAICS,4254,7995.0,204.0,1665.1410762854553,5.890348572429497,1.0735294117647058
2015,61,NAICS,1197,2753.0,15.0,565.2035482640214,4.853487205218264,1.1333333333333333
2015,62,NAICS,2322,4309.0,20.0,825.2159597715421,4.817068352429869,1.35
2015,71,NAICS,706,2062.0,26.0,812.8041729893779,5.004431314623338,1.0384615384615385
2015,72,NAICS,1836,3886.0,17.0,673.2681732832618,4.544041450777202,1.2352941176470589
2015,81,NAICS,2381,7272.0,47.0,672.892340853571,4.660011860051394,1.0638297872340425
2015,92,NAICS,3398,6008.0,52.0,618.545982995721,,
2016,11,NAICS,2193,4435.0,127.0,1140.7482232243517,6.266766020864382,1.0866141732283465
2016,21,NAICS,715,1272.0,72.0,1442.0073113207548,5.6225839267548325,1.4583333333333333
2016,22,NAICS,1127,2738.0,31.0,1225.910007304602,5.7160817181770565,1.1935483870967742
2016,23,NAICS,34812,66471.0,681.0,1571.9260290709924,6.248992939749643,1.0895741556534508
2016,31-33,NAICS,15896,46551.0,315.0,1758.3120484439476,5.681345965370793,1.2412698412698413
2016,42,NAICS,2593,6756.0,55.0,1514.9041829484902,5.720488148321991,1.0363636363636364
2016,44-45,NAICS,3418,7177.0,67.0,1190.6865124703916,5.025381961557417,1.0298507462686568
2016,48-49,NAICS,2836,5060.0,136.0,1927.2658920094939,5.511125443405353,1.0588235294117647
2016,51,NAICS,333,460.0,17.0,1845.4942391304348,5.414239482200648,1.0588235294117647
2016,52,NAICS,102,73.0,4.0,1081.0821917808219,5.4,1.0
2016,53,NAICS,777,1441.0,28.0,1236.193011797363,5.762437810945274,1.1071428571428572
2016,54,NAICS,710,1184.0,33.0,1169.2400760135135,5.553966189856957,1.0
2016,55,NAICS,33,21.0,0.0,880.1428571428571,3.8333333333333335,
2016,56,NAICS,4234,7739.0,215.0,1505.3613490115004,5.936576239476146,1.0654205607476634
2016,61,NAICS,1078,2528.0,17.0,555.2048259493671,5.354104254044338,1.1764705882352942
2016,62,NAICS,2347,4332.0,36.0,890.6657238513045,5.121951219512195,1.6111111111111112
2016,71,NAICS,670,1725.0,24.0,921.0507246376811,5.47767857142857,1.0416666666666667
2016,72,NAICS,1546,3411.0,30.0,896.2962609970673,4.846696923852749,1.0666666666666667
2016,81,NAICS,2468,7227.0,47.0,646.5010657439447,4.7685915192840405,1.0638297872340425
2016,92,NAICS,3611,6257.0,49.0,596.8675270500372,5.253266351519141,
