INDUSTRY_CODE,TOT_EMP,H_MEAN,A_MEAN,H_MEDIAN,A_MEDIAN,YEAR,INDUSTRY_TITLE,OCC_CODE,OCC_TITLE,OCC_GROUP,EMP_PRSE,PCT_TOTAL,PCT_RPT,MEAN_PRSE,H_PCT10,H_PCT25,H_PCT75,H_PCT90,A_PCT10,A_PCT25,A_PCT75,A_PCT90,ANNUAL,HOURLY,year,OWNERSHIP
11,373380.0,10.41066206009963,21661.452675558412,8.713377792061706,18117.673147999358,2003,,,,,,,,,,,,,,,,,,,,
21,498800.0,20.96853648757017,43608.61166800321,18.06311848436247,37572.90637530072,2003,,,,,,,,,,,,,,,,,,,,
22,580750.0,25.85,53760.0,24.85,51690.0,2003,,,,,,,,,,,,,,,,,,,,
23,6761690.0,19.060948224482342,39649.28483855368,16.402938422199185,34117.50359747341,2003,,,,,,,,,,,,,,,,,,,,
31-33,14778150.0,18.151132056448205,37755.709009585094,15.42186388688706,32075.59060504867,2003,,,,,,,,,,,,,,,,,,,,
42,5634480.0,20.143354027345914,41899.471681503885,15.46412284718377,32165.500365606054,2003,,,,,,,,,,,,,,,,,,,,
44-45,15102300.0,12.32033663084431,25627.29863001,9.846761135721048,20480.965554915478,2003,,,,,,,,,,,,,,,,,,,,
48-49,4230060.0,17.91726053531156,37268.81554871562,15.627163420849824,32501.726358491367,2003,,,,,,,,,,,,,,,,,,,,
51,3247230.0,23.204087699362226,48269.75181924286,19.265127354699235,40072.38418590614,2003,,,,,,,,,,,,,,,,,,,,
52,5760950.0,22.363310391515288,46523.28206285422,16.7100391775662,34752.307831173675,2003,,,,,,,,,,,,,,,,,,,,
53,2037270.0,15.480485453572674,32198.120524034613,11.90211223843673,24753.270111472706,2003,,,,,,,,,,,,,,,,,,,,
54,6613260.0,27.08,56330.0,21.180000000000003,44040.0,2003,,,,,,,,,,,,,,,,,,,,
55,1673430.0,25.5,53030.0,19.87,41330.0,2003,,,,,,,,,,,,,,,,,,,,
56,7696530.0,13.060462870930143,27165.962284302146,10.21631041521309,21257.657372868034,2003,,,,,,,,,,,,,,,,,,,,
61,11862740.0,19.08,39690.0,16.92,35190.0,2003,,,,,,,,,,,,,,,,,,,,
62,14622810.0,17.918476954839733,37268.32870016091,14.0523374098412,29231.632353836234,2003,,,,,,,,,,,,,,,,,,,,
71,1797130.0,12.901137480315839,26826.802290318454,9.561914997802052,19897.397350219515,2003,,,,,,,,,,,,,,,,,,,,
72,10328820.0,8.937702854730743,18584.25469705155,7.554367894880537,15710.796780271125,2003,,,,,,,,,,,,,,,,,,,,
81,3802220.0,13.85599510286096,28815.87306889133,11.143339733103293,23169.49461104302,2003,,,,,,,,,,,,,,,,,,,,
92,10165660.0,20.13,41870.0,18.23,37910.0,2003,,,,,,,,,,,,,,,,,,,,
11,369310.0,10.8,22470.0,8.45,17570.0,2005,"Agriculture, Forestry, Fishing, and Hunting",00-0000,Industry Total,,0.9,100.00,100.0,0.7,6.76,7.47,12.02,17.61,14060.0,15530.0,24990.0,36630.0,,,,
21,539960.0,21.73,45210.0,18.05,37540.0,2005,Mining,00-0000,Industry Total,,0.9,100.00,100.0,1.1,9.94,13.16,25.6,37.7,20670.0,27370.0,53250.0,78420.0,,,,
22,552440.0,25.83,53720.0,24.7,51370.0,2005,Utilities,00-0000,Industry Total,,1.1,100.00,100.0,0.7,12.6,17.87,32.0,40.66,26200.0,37170.0,66570.0,84560.0,,,,
23,7215240.0,19.69,40960.0,16.89,35130.0,2005,Construction,00-0000,Industry Total,,0.2,100.00,100.0,0.2,9.45,12.2,24.23,33.04,19650.0,25370.0,50390.0,68710.0,,,,
31-33,14262510.0,18.87,39240.0,15.31,31850.0,2005,Manufacturing,00-0000,Industry Total,,0.3,100.00,100.0,0.3,8.7,11.07,22.43,33.62,18090.0,23020.0,46640.0,69930.0,,,,
42,5736020.0,20.87,43410.0,16.1,33480.0,2005,Wholesale Trade,00-0000,Industry Total,,0.2,100.00,100.0,0.3,8.64,11.24,24.76,39.58,17960.0,23370.0,51500.0,82320.0,,,,
44-45,15369450.0,12.67,26360.0,9.85,20480.0,2005,Retail Trade,00-0000,Industry Total,,0.1,100.00,100.0,0.2,6.6,7.73,14.07,21.31,13730.0,16080.0,29270.0,44320.0,,,,
48-49,5131180.0,19.02,39570.0,17.1,35560.0,2005,Transportation and Warehousing,00-0000,Industry Total,,0.4,100.00,100.0,0.6,9.21,12.09,22.91,28.61,19150.0,25150.0,47660.0,59500.0,,,,
51,3081510.0,24.06,50040.0,20.4,42430.0,2005,Information,00-0000,Industry Total,,0.5,100.00,100.0,0.8,8.7,12.72,30.67,44.01,18100.0,26460.0,63790.0,91540.0,,,,
52,5863340.0,23.65,49200.0,17.54,36490.0,2005,Finance and Insurance,00-0000,Industry Total,,0.3,100.00,100.0,0.4,9.53,12.31,27.87,44.77,19830.0,25600.0,57970.0,93120.0,,,,
53,2108600.0,16.76,34850.0,12.88,26780.0,2005,Real Estate and Rental and Leasing,00-0000,Industry Total,,0.4,100.00,100.0,0.5,7.32,9.28,19.04,29.02,15230.0,19300.0,39600.0,60370.0,,,,
54,6928030.0,28.15,58560.0,22.54,46890.0,2005,"Professional, Scientific, and Technical Services",00-0000,Industry Total,,0.2,100.00,100.0,0.3,9.98,14.4,35.89,53.96,20750.0,29950.0,74650.0,112240.0,,,,
55,1739370.0,27.13,56430.0,21.56,44840.0,2005,Management of Companies and Enterprises,00-0000,Industry Total,,0.6,100.00,100.0,0.7,10.08,14.02,34.42,51.5,20960.0,29170.0,71580.0,107130.0,,,,
56,8102250.0,14.19,29510.0,10.87,22610.0,2005,Administrative and Support and Waste Management and Remediation Services,00-0000,Industry Total,,0.2,100.00,100.0,0.4,7.08,8.39,16.09,25.05,14730.0,17450.0,33470.0,52110.0,,,,
61,12137420.0,20.12,41840.0,17.72,36860.0,2005,Educational Services,00-0000,Industry Total,,0.5,100.00,100.0,0.7,8.31,11.84,25.49,34.74,17290.0,24630.0,53030.0,72260.0,,,,
62,15233920.0,18.94,39400.0,14.2,29530.0,2005,Health Care and Social Assistance,00-0000,Industry Total,,0.3,100.00,100.0,0.2,7.86,10.01,22.61,33.43,16340.0,20820.0,47040.0,69530.0,,,,
71,1843720.0,13.43,27920.0,9.87,20540.0,2005,"Arts, Entertainment, and Recreation",00-0000,Industry Total,,0.5,100.00,100.0,0.4,6.41,7.55,15.16,23.93,13340.0,15710.0,31530.0,49770.0,,,,
72,10842570.0,9.18,19090.0,7.83,16280.0,2005,Accomodation and Food Service,00-0000,Industry Total,,0.1,100.00,100.0,0.2,5.87,6.58,10.06,13.89,12220.0,13680.0,20930.0,28890.0,,,,
81,3811110.0,14.76,30710.0,11.56,24050.0,2005,Other Services (except Public Administration),00-0000,Industry Total,,0.2,100.00,100.0,0.3,6.74,8.25,17.68,26.25,14010.0,17160.0,36780.0,54600.0,,,,
92,9439900.0,21.28,44250.0,18.72,38940.0,2005,"Federal, State, and Local Government (OES Designation)",00-0000,Industry Total,,0.4,100.00,100.0,0.3,9.66,13.27,26.6,36.67,20100.0,27600.0,55320.0,76270.0,,,,
11,381900.0,11.98,24930.0,9.35,19440.0,2009,"Agriculture, Forestry, Fishing and Hunting",00-0000,Industry Total,total,0.7,100.00,100,0.6,8.08,8.51,12.93,18.8,16810.0,17700.0,26880.0,39110.0,,,,
21,683880.0,25.4,52840.0,20.96,43590.0,2009,"Mining, Quarrying, and Oil and Gas Extraction",00-0000,Industry Total,total,0.9,100.00,100,0.9,11.85,15.35,29.28,44.0,24660.0,31930.0,60910.0,91520.0,,,,
22,558640.0,29.58,61530.0,28.2,58650.0,2009,Utilities,00-0000,Industry Total,total,1.1,100.00,100,0.7,14.25,20.03,36.32,46.45,29630.0,41660.0,75550.0,96610.0,,,,
23,6497870.0,22.36,46500.0,18.84,39190.0,2009,Construction,00-0000,Industry Total,total,0.2,100.00,100,0.2,10.75,13.82,27.55,37.9,22350.0,28750.0,57310.0,78840.0,,,,
31-33,12444560.0,21.43,44560.0,17.09,35540.0,2009,Manufacturing,00-0000,Industry Total,total,0.3,100.00,100,0.4,9.68,12.41,25.32,38.78,20130.0,25810.0,52660.0,80670.0,,,,
42,5734040.0,24.0,49920.0,18.04,37520.0,2009,Wholesale Trade,00-0000,Industry Total,total,0.2,100.00,100,0.3,9.65,12.72,28.22,45.55,20060.0,26450.0,58690.0,94740.0,,,,
44-45,14974830.0,13.79,28680.0,10.58,22000.0,2009,Retail Trade,00-0000,Industry Total,total,0.1,100.00,100,0.2,7.58,8.55,15.12,22.78,15770.0,17780.0,31440.0,47390.0,,,,
48-49,5085590.0,20.56,42760.0,18.61,38700.0,2009,Transportation and Warehousing,00-0000,Industry Total,total,0.5,100.00,100,0.4,10.0,13.2,25.25,31.17,20800.0,27460.0,52530.0,64840.0,,,,
51,2876820.0,28.4,59070.0,23.61,49120.0,2009,Information,00-0000,Industry Total,total,0.5,100.00,100,1.2,9.91,14.59,35.92,52.57,20620.0,30340.0,74700.0,109340.0,,,,
52,5706700.0,27.31,56810.0,20.11,41830.0,2009,Finance and Insurance,00-0000,Industry Total,total,0.3,100.00,100,0.4,10.84,14.06,32.56,51.51,22540.0,29240.0,67720.0,107140.0,,,,
53,2018810.0,19.16,39850.0,14.75,30680.0,2009,Real Estate and Rental and Leasing,00-0000,Industry Total,total,0.3,100.00,100,0.4,8.41,10.59,21.61,33.49,17490.0,22040.0,44950.0,69670.0,,,,
54,7610310.0,32.81,68240.0,26.3,54710.0,2009,"Professional, Scientific, and Technical Services",00-0000,Industry Total,total,0.2,100.00,100,0.3,11.52,16.6,41.64,62.21,23970.0,34520.0,86620.0,129400.0,,,,
55,1919180.0,32.39,67380.0,25.91,53890.0,2009,Management of Companies and Enterprises,00-0000,Industry Total,total,0.7,100.00,100,0.5,12.28,16.89,40.94,60.54,25550.0,35130.0,85150.0,125930.0,,,,
56,7528410.0,16.17,33630.0,12.49,25980.0,2009,Administrative and Support and Waste Management and Remediation Services,00-0000,Industry Total,total,0.3,100.00,100,0.3,8.05,9.47,18.11,28.33,16750.0,19690.0,37670.0,58930.0,,,,
61,12795350.0,23.09,48030.0,20.32,42270.0,2009,Educational Services,00-0000,Industry Total,total,0.4,100.00,100,0.4,9.48,13.57,28.93,39.62,19730.0,28220.0,60170.0,82410.0,,,,
62,16867510.0,21.84,45430.0,15.96,33190.0,2009,Health Care and Social Assistance,00-0000,Industry Total,total,0.3,100.00,100,0.2,8.76,11.13,26.16,39.08,18210.0,23140.0,54410.0,81290.0,,,,
71,1928740.0,15.41,32060.0,11.14,23160.0,2009,"Arts, Entertainment, and Recreation",00-0000,Industry Total,total,0.5,100.00,100,0.4,7.55,8.55,17.29,27.39,15700.0,17780.0,35960.0,56960.0,,,,
72,11282380.0,10.56,21970.0,8.88,18470.0,2009,Accommodation and Food Services,00-0000,Industry Total,total,0.1,100.00,100,0.2,7.25,7.72,11.28,15.75,15080.0,16060.0,23450.0,32750.0,,,,
81,3823970.0,16.76,34850.0,13.06,27170.0,2009,"Other Services (except Federal, State, and Local Government)",00-0000,Industry Total,total,0.2,100.00,100,0.3,7.82,9.23,19.79,29.8,16270.0,19200.0,41150.0,61990.0,,,,
92,9928110.0,24.62,51220.0,21.48,44680.0,2009,"Federal, State, and Local Government (OES Designation)",00-0000,Industry Total,total,0.3,100.00,100,0.3,10.94,15.14,30.75,42.88,22760.0,31490.0,63970.0,89190.0,,,,
11,385730.0,11.36,23630.0,8.85,18410.0,2007,"Agriculture, Forestry, Fishing, and Hunting",00-0000,Industry Total,,0.7,100.00,100,0.6,7.5,7.72,12.48,18.55,15600.0,16050.0,25970.0,38580.0,,,,
21,644070.0,23.17,48190.0,19.2,39940.0,2007,Mining,00-0000,Industry Total,,0.9,100.00,100,1.0,10.83,14.13,27.06,39.88,22520.0,29390.0,56280.0,82940.0,,,,
22,542230.0,27.83,57890.0,26.58,55280.0,2007,Utilities,00-0000,Industry Total,,1.1,100.00,100,0.6,13.28,18.88,34.49,44.16,27620.0,39270.0,71740.0,91860.0,,,,
23,7671680.0,20.83,43320.0,17.76,36950.0,2007,Construction,00-0000,Industry Total,,0.2,100.00,100,0.2,10.16,13.05,25.47,35.22,21120.0,27140.0,52980.0,73260.0,,,,
31-33,13960700.0,20.09,41790.0,16.13,33550.0,2007,Manufacturing,00-0000,Industry Total,,0.3,100.00,100,0.3,9.19,11.74,23.93,36.18,19110.0,24420.0,49780.0,75250.0,,,,
42,5964920.0,22.55,46900.0,17.18,35740.0,2007,Wholesale Trade,00-0000,Industry Total,,0.2,100.00,100,0.3,9.15,12.05,26.74,43.02,19030.0,25050.0,55610.0,89490.0,,,,
44-45,15642700.0,13.37,27810.0,10.32,21470.0,2007,Retail Trade,00-0000,Industry Total,,0.1,100.00,100,0.1,7.15,8.17,14.84,22.48,14870.0,16990.0,30870.0,46770.0,,,,
48-49,5306240.0,20.01,41620.0,18.07,37580.0,2007,Transportation and Warehousing,00-0000,Industry Total,,0.4,100.00,100,0.6,9.68,12.8,23.43,30.65,20130.0,26630.0,48730.0,63760.0,,,,
51,3019040.0,26.25,54600.0,22.12,46020.0,2007,Information,00-0000,Industry Total,,0.6,100.00,100,1.2,9.27,13.73,33.34,48.56,19280.0,28560.0,69340.0,101000.0,,,,
52,5990930.0,25.57,53190.0,18.98,39480.0,2007,Finance and Insurance,00-0000,Industry Total,,0.3,100.00,100,0.4,10.25,13.27,30.44,48.84,21330.0,27610.0,63310.0,101590.0,,,,
53,2143100.0,17.99,37420.0,13.88,28880.0,2007,Real Estate and Rental and Leasing,00-0000,Industry Total,,0.3,100.00,100,0.5,7.78,9.93,20.2,31.4,16190.0,20650.0,42020.0,65300.0,,,,
54,7519060.0,30.47,63370.0,24.48,50920.0,2007,"Professional, Scientific, and Technical Services",00-0000,Industry Total,,0.2,100.00,100,0.3,10.83,15.56,38.99,58.27,22530.0,32360.0,81090.0,121210.0,,,,
55,1915250.0,29.93,62260.0,24.04,50000.0,2007,Management of Companies and Enterprises,00-0000,Industry Total,,0.7,100.00,100,0.6,11.18,15.6,38.3,56.64,23260.0,32450.0,79660.0,117800.0,,,,
56,8506680.0,15.11,31440.0,11.7,24330.0,2007,Administrative and Support and Waste Management and Remediation Services,00-0000,Industry Total,,0.3,100.00,100,0.3,7.59,8.96,16.99,26.57,15780.0,18640.0,35340.0,55270.0,,,,
61,12455550.0,21.62,44960.0,19.06,39650.0,2007,Educational Services,00-0000,Industry Total,,0.4,100.00,100,0.4,8.93,12.76,27.24,37.28,18580.0,26540.0,56660.0,77550.0,,,,
62,16006410.0,20.48,42600.0,15.18,31580.0,2007,Health Care and Social Assistance,00-0000,Industry Total,,0.3,100.00,100,0.2,8.35,10.67,24.6,36.54,17380.0,22190.0,51170.0,76010.0,,,,
71,1923380.0,14.58,30320.0,10.63,22110.0,2007,"Arts, Entertainment, and Recreation",00-0000,Industry Total,,0.6,100.00,100,0.4,7.02,8.01,16.36,26.08,14600.0,16670.0,34040.0,54250.0,,,,
72,11341810.0,9.87,20540.0,8.28,17220.0,2007,Accommodation and Food Service,00-0000,Industry Total,,0.1,100.00,100,0.2,6.51,7.16,10.77,14.98,13530.0,14900.0,22390.0,31160.0,,,,
81,3881410.0,15.78,32820.0,12.41,25810.0,2007,Other Services (except Public Administration),00-0000,Industry Total,,0.2,100.00,100,0.3,7.32,8.79,18.78,28.08,15230.0,18290.0,39060.0,58410.0,,,,
92,9533390.0,23.0,47840.0,20.22,42050.0,2007,Public Administration,00-0000,Industry Total,,0.3,100.00,100,0.3,10.38,14.29,28.92,39.47,21590.0,29730.0,60150.0,82100.0,,,,
11,371180.0,12.34,25680.0,9.36,19460.0,2011,"Agriculture, Forestry, Fishing and Hunting",00-0000,Industry Total,total,0.7,100,100,0.7,8.29,8.7,13.4,19.74,17240.0,18090.0,27870.0,41050.0,,,,Private
21,693400.0,27.81,57840.0,22.16,46100.0,2011,"Mining, Quarrying, and Oil and Gas Extraction",00-0000,Industry Total,total,0.9,100,100,1.1,12.37,16.16,31.82,49.55,25720.0,33610.0,66180.0,103060.0,,,,Private
22,551690.0,31.23,64950.0,30.1,62610.0,2011,Utilities,00-0000,Industry Total,total,1.3,100,100,0.6,15.04,21.26,38.5,48.07,31290.0,44220.0,80080.0,99980.0,,,,Private
23,5543800.0,23.27,48390.0,19.56,40690.0,2011,Construction,00-0000,Industry Total,total,0.2,100,100,0.2,10.98,14.33,28.58,39.61,22830.0,29810.0,59450.0,82390.0,,,,Private
31-33,11606530.0,22.41,46620.0,17.78,36980.0,2011,Manufacturing,00-0000,Industry Total,total,0.3,100,100,0.4,9.92,12.84,26.69,40.97,20630.0,26710.0,55520.0,85220.0,,,,Private
42,5538220.0,24.7,51380.0,18.61,38710.0,2011,Wholesale Trade,00-0000,Industry Total,total,0.2,100,100,0.3,9.84,13.06,29.04,46.14,20460.0,27170.0,60400.0,95970.0,,,,Private
44-45,14773220.0,14.15,29430.0,10.88,22620.0,2011,Retail Trade,00-0000,Industry Total,total,0.1,100,100,0.2,8.06,8.87,15.5,22.93,16770.0,18440.0,32240.0,47700.0,,,,Private
48-49,4925020.0,21.21,44110.0,19.31,40170.0,2011,Transportation and Warehousing,00-0000,Industry Total,total,0.5,100,100,0.4,10.33,13.61,25.97,32.92,21480.0,28310.0,54030.0,68470.0,,,,Private and U.S. Postal Service
51,2686220.0,30.14,62690.0,24.93,51850.0,2011,Information,00-0000,Industry Total,total,0.7,100,100,1.1,10.21,15.27,38.23,55.98,21230.0,31760.0,79520.0,116440.0,,,,Private
52,5488540.0,28.92,60150.0,21.35,44420.0,2011,Finance and Insurance,00-0000,Industry Total,total,0.4,100,100,0.4,11.25,14.6,34.73,55.25,23410.0,30370.0,72240.0,114910.0,,,,Private
53,1908910.0,19.85,41290.0,15.3,31830.0,2011,Real Estate and Rental and Leasing,00-0000,Industry Total,total,0.3,100,100,0.4,8.84,10.97,22.27,34.73,18390.0,22810.0,46310.0,72230.0,,,,Private
54,7546400.0,34.43,71610.0,27.87,57980.0,2011,"Professional, Scientific, and Technical Services",00-0000,Industry Total,total,0.3,100,100,0.2,11.97,17.45,43.85,65.34,24900.0,36300.0,91210.0,135900.0,,,,Private
55,1905510.0,34.45,71650.0,27.84,57900.0,2011,Management of Companies and Enterprises,00-0000,Industry Total,total,0.6,100,100,0.5,12.89,18.03,43.45,63.96,26810.0,37490.0,90370.0,133030.0,,,,Private
56,7724320.0,16.63,34580.0,12.8,26620.0,2011,Administrative and Support and Waste Management and Remediation Services,00-0000,Industry Total,total,0.3,100,100,0.3,8.39,9.57,18.58,29.07,17440.0,19910.0,38640.0,60470.0,,,,Private
61,12747270.0,23.97,49860.0,21.03,43750.0,2011,Educational Services,00-0000,Industry Total,total,0.4,100,100,0.4,9.73,13.94,29.93,41.56,20240.0,28990.0,62260.0,86450.0,,,,"Private, state, and local government"
62,17428210.0,22.86,47550.0,16.73,34790.0,2011,Health Care and Social Assistance,00-0000,Industry Total,total,0.3,100,100,0.2,9.05,11.36,27.47,41.34,18820.0,23630.0,57140.0,85980.0,,,,"Private, and state and local hospitals"
71,1893350.0,15.91,33090.0,11.29,23480.0,2011,"Arts, Entertainment, and Recreation",00-0000,Industry Total,total,0.5,100,100,0.4,8.08,8.88,17.72,28.29,16800.0,18480.0,36870.0,58840.0,,,,Private 
72,11328290.0,10.93,22730.0,9.14,19010.0,2011,Accommodation and Food Services,00-0000,Industry Total,total,0.1,100,100,0.2,7.82,8.39,11.42,16.39,16260.0,17460.0,23760.0,34100.0,,,,Private 
81,3756780.0,17.38,36140.0,13.38,27830.0,2011,"Other Services (except Federal, State, and Local Government)",00-0000,Industry Total,total,0.2,100,100,0.3,8.32,9.37,20.67,31.09,17310.0,19490.0,42990.0,64660.0,,,,Private 
92,9861710.0,25.76,53580.0,22.37,46520.0,2011,"Federal, State, and Local Government (excluding state and local schools and hospitals)",00-0000,Industry Total,total,0.2,100,100,0.2,11.24,15.71,32.45,44.64,23380.0,32680.0,67500.0,92850.0,,,,"Federal, state, and local government"
11,380670.0,10.35923319410513,21546.01229411301,8.623880526440223,17931.99464102766,2002,,,,,,,,,,,,,,,,,,,,
21,494280.0,21.127077769685197,43945.42789512018,18.15735514283402,37764.58019745893,2002,,,,,,,,,,,,,,,,,,,,
22,585930.0,25.56904869182325,53179.13453825542,24.527917669346166,51013.3492055365,2002,,,,,,,,,,,,,,,,,,,,
23,6860500.0,18.92119373223526,39357.751038554044,16.359835259820713,34026.582843816046,2002,,,,,,,,,,,,,,,,,,,,
31-33,14950040.0,17.760143364164907,36939.95726432839,15.115463236218766,31438.600692707176,2002,,,,,,,,,,,,,,,,,,,,
42,5609180.0,19.70708465408491,40988.57972110005,15.306878812945921,31834.63326190281,2002,,,,,,,,,,,,,,,,,,,,
44-45,15017310.0,12.153686472477428,25280.506315711667,9.778163179690637,20336.046355838695,2002,,,,,,,,,,,,,,,,,,,,
48-49,4265970.0,17.64188261989653,36694.97567962269,15.543673959263664,32330.673797518502,2002,,,,,,,,,,,,,,,,,,,,
51,3298000.0,22.59526600970285,46996.80882352941,19.02170576106731,39566.14845360825,2002,,,,,,,,,,,,,,,,,,,,
52,5693550.0,22.122805174276156,46012.243977834565,16.557219450079476,34442.80768589018,2002,,,,,,,,,,,,,,,,,,,,
53,2035420.0,15.2449773019819,31710.751785872202,11.774836839571194,24494.26221615195,2002,,,,,,,,,,,,,,,,,,,,
54,6643590.0,26.357123437779872,54824.21169879538,20.88077236855375,43427.9827171755,2002,,,,,,,,,,,,,,,,,,,,
55,1686730.0,25.11,52230.0,19.58,40740.0,2002,,,,,,,,,,,,,,,,,,,,
56,7769500.0,12.671681382328336,26358.181131346933,10.127680185340113,21062.430014801466,2002,,,,,,,,,,,,,,,,,,,,
61,11731340.0,18.776226986857427,39061.38455623995,16.678180173790885,34692.89159635643,2002,,,,,,,,,,,,,,,,,,,,
62,14542990.0,17.536401008320848,36474.62290766892,13.744527817182021,28591.362078912247,2002,,,,,,,,,,,,,,,,,,,,
71,1777770.0,12.617988153698173,26248.29398628619,9.463745422636224,19692.983738053856,2002,,,,,,,,,,,,,,,,,,,,
72,10226640.0,8.869590422660815,18444.451745636885,7.502254034560715,15604.316539938827,2002,,,,,,,,,,,,,,,,,,,,
81,3790880.0,13.696332592959946,28487.792834381464,11.26932216266408,23443.402428987465,2002,,,,,,,,,,,,,,,,,,,,
92,10146130.0,19.625074289408868,40812.70341499666,17.47607374437347,36349.20143936654,2002,,,,,,,,,,,,,,,,,,,,
11,404040.0,12.6,26200.0,9.43,19610.0,2013,"Agriculture, Forestry, Fishing and Hunting",00-0000,Industry Total,total,0.9,100,100,0.8,8.35,8.76,13.67,20.6,17370.0,18230.0,28430.0,42840.0,,,,
21,807130.0,29.66,61690.0,23.07,47990.0,2013,"Mining, Quarrying, and Oil and Gas Extraction",00-0000,Industry Total,total,0.8,100,100,1.2,12.92,16.82,33.79,54.11,26880.0,34980.0,70290.0,112550.0,,,,
22,544310.0,33.02,68680.0,31.75,66030.0,2013,Utilities,00-0000,Industry Total,total,1,100,100,0.7,15.7,22.61,41.02,51.87,32660.0,47030.0,85320.0,107880.0,,,,
23,5797170.0,23.82,49540.0,20.11,41830.0,2013,Construction,00-0000,Industry Total,total,0.2,100,100,0.2,11.32,14.73,29.3,40.77,23540.0,30640.0,60940.0,84810.0,,,,
31-33,11983290.0,23.0,47830.0,18.12,37690.0,2013,Manufacturing,00-0000,Industry Total,total,0.3,100,100,0.4,10.06,13.08,27.35,42.22,20930.0,27200.0,56890.0,87820.0,,,,
42,5701640.0,25.42,52870.0,19.08,39690.0,2013,Wholesale Trade,00-0000,Industry Total,total,0.2,100,100,0.3,9.99,13.3,29.98,47.86,20780.0,27660.0,62350.0,99560.0,,,,
44-45,15195950.0,14.47,30100.0,11.05,22980.0,2013,Retail Trade,00-0000,Industry Total,total,0.1,100,100,0.2,8.17,8.97,15.87,23.49,17000.0,18660.0,33020.0,48860.0,,,,
48-49,5081510.0,21.72,45170.0,19.29,40110.0,2013,Transportation and Warehousing,00-0000,Industry Total,total,0.6,100,100,0.4,10.45,13.84,26.45,34.12,21730.0,28790.0,55020.0,70970.0,,,,
51,2700210.0,31.72,65980.0,26.12,54320.0,2013,Information,00-0000,Industry Total,total,0.7,100,100,1.5,10.36,15.75,40.8,59.47,21550.0,32760.0,84860.0,123690.0,,,,
52,5586790.0,30.43,63300.0,22.3,46390.0,2013,Finance and Insurance,00-0000,Industry Total,total,0.4,100,100,0.4,11.69,15.24,36.4,58.11,24320.0,31700.0,75700.0,120870.0,,,,
53,1966480.0,20.34,42320.0,15.83,32940.0,2013,Real Estate and Rental and Leasing,00-0000,Industry Total,total,0.3,100,100,0.4,9.03,11.32,22.86,35.38,18780.0,23540.0,47550.0,73580.0,,,,
54,8018890.0,35.67,74190.0,29.0,60310.0,2013,"Professional, Scientific, and Technical Services",00-0000,Industry Total,total,0.2,100,100,0.2,12.31,18.04,45.3,67.76,25610.0,37530.0,94220.0,140940.0,,,,
55,2130720.0,36.02,74930.0,29.08,60480.0,2013,Management of Companies and Enterprises,00-0000,Industry Total,total,0.6,100,100,0.5,13.18,18.64,45.33,67.54,27410.0,38770.0,94290.0,140480.0,,,,
56,8285760.0,16.98,35320.0,12.96,26960.0,2013,Administrative and Support and Waste Management and Remediation Services,00-0000,Industry Total,total,0.3,100,100,0.3,8.49,9.71,18.92,29.68,17660.0,20200.0,39360.0,61730.0,,,,
61,12706550.0,24.33,50600.0,21.22,44140.0,2013,Educational Services,00-0000,Industry Total,total,0.4,100,100,0.4,9.73,14.0,30.43,42.29,20240.0,29120.0,63300.0,87970.0,,,,
62,18059100.0,23.54,48960.0,17.16,35690.0,2013,Health Care and Social Assistance,00-0000,Industry Total,total,0.2,100,100,0.2,9.23,11.59,28.29,42.93,19210.0,24110.0,58830.0,89300.0,,,,
71,1991510.0,16.32,33940.0,11.49,23910.0,2013,"Arts, Entertainment, and Recreation",00-0000,Industry Total,total,0.5,100,100,0.5,8.2,8.99,18.28,29.27,17050.0,18700.0,38010.0,60880.0,,,,
72,12081130.0,11.08,23040.0,9.22,19180.0,2013,Accommodation and Food Services,00-0000,Industry Total,total,0.1,100,100,0.2,7.93,8.47,11.5,16.72,16500.0,17620.0,23920.0,34780.0,,,,
81,3865410.0,17.91,37260.0,13.69,28480.0,2013,Other Services (except Public Administration),00-0000,Industry Total,total,0.2,100,100,0.3,8.43,9.49,21.34,32.64,17530.0,19750.0,44390.0,67890.0,,,,
92,9681240.0,26.41,54940.0,22.87,47580.0,2013,"Federal, State, and Local Government (excluding state and local schools and hospitals)",00-0000,Industry Total,total,0.2,100,100,0.2,11.48,16.03,33.6,45.74,23880.0,33340.0,69880.0,95130.0,,,,
11,380350.0,10.46,21760.0,8.27,17200.0,2004,"Agriculture, Forestry, Fishing, and Hunting",00-0000,Industry Total,,1.0,100.00,100.0,0.7,6.54,7.22,11.31,16.93,13610.0,15020.0,23520.0,35220.0,,,,
21,507840.0,21.18,44050.0,17.7,36810.0,2004,Mining,00-0000,Industry Total,,0.8,100.00,100.0,0.9,9.89,12.95,24.9,36.31,20570.0,26940.0,51780.0,75520.0,,,,
22,567000.0,25.83,53720.0,24.8,51580.0,2004,Utilities,00-0000,Industry Total,,1.0,100.00,100.0,0.5,12.91,18.18,31.9,40.36,26850.0,37810.0,66360.0,83940.0,,,,
23,6891440.0,19.44,40440.0,16.71,34750.0,2004,Construction,00-0000,Industry Total,,0.2,100.00,100.0,0.2,9.37,12.04,24.0,32.69,19490.0,25050.0,49920.0,68000.0,,,,
31-33,14296120.0,18.57,38620.0,15.07,31340.0,2004,Manufacturing,00-0000,Industry Total,,0.3,100.00,100.0,0.3,8.58,10.92,22.17,33.05,17850.0,22710.0,46100.0,68740.0,,,,
42,5627190.0,20.4,42430.0,15.75,32750.0,2004,Wholesale Trade,00-0000,Industry Total,,0.2,100.00,100.0,0.3,8.5,11.04,23.97,38.29,17690.0,22960.0,49850.0,79650.0,,,,
44-45,15177150.0,12.53,26060.0,9.71,20190.0,2004,Retail Trade,00-0000,Industry Total,,0.1,100.00,100.0,0.2,6.47,7.64,13.92,21.17,13450.0,15900.0,28950.0,44040.0,,,,
48-49,5038420.0,18.61,38700.0,16.99,35330.0,2004,Transportation and Warehousing,00-0000,Industry Total,,0.4,100.00,100.0,0.6,9.22,11.97,21.86,27.91,19180.0,24900.0,45480.0,58060.0,,,,
51,3136970.0,23.62,49130.0,20.12,41840.0,2004,Information,00-0000,Industry Total,,0.5,100.00,100.0,0.7,8.5,12.5,29.68,43.26,17680.0,26000.0,61740.0,89970.0,,,,
52,5793740.0,23.04,47920.0,17.01,35380.0,2004,Finance and Insurance,00-0000,Industry Total,,0.3,100.00,100.0,0.5,9.42,12.0,27.04,43.68,19600.0,24960.0,56240.0,90850.0,,,,
53,2055620.0,15.99,33260.0,12.39,25770.0,2004,Real Estate and Rental and Leasing,00-0000,Industry Total,,0.4,100.00,100.0,0.6,7.13,8.94,17.95,27.48,14830.0,18600.0,37340.0,57150.0,,,,
54,6673180.0,27.63,57470.0,21.9,45550.0,2004,"Professional, Scientific, and Technical Services",00-0000,Industry Total,,0.2,100.00,100.0,0.4,9.75,13.95,35.13,53.24,20290.0,29010.0,73060.0,110730.0,,,,
55,1717950.0,26.4,54920.0,20.87,43400.0,2004,Management of Companies and Enterprises,00-0000,Industry Total,,0.7,100.00,100.0,0.9,9.77,13.51,33.49,49.93,20320.0,28100.0,69670.0,103850.0,,,,
56,7857580.0,13.56,28210.0,10.48,21800.0,2004,Administrative and Support and Waste Management and Remediation Services,00-0000,Industry Total,,0.3,100.00,100.0,0.5,6.87,8.11,15.18,23.55,14300.0,16880.0,31570.0,48980.0,,,,
61,11954870.0,19.56,40690.0,17.32,36030.0,2004,Educational Services,00-0000,Industry Total,,0.5,100.00,100.0,0.8,7.99,11.57,24.89,33.88,16630.0,24060.0,51770.0,70480.0,,,,
62,14899210.0,18.42,38310.0,13.8,28700.0,2004,Health Care and Social Assistance,00-0000,Industry Total,,0.3,100.00,100.0,0.3,7.71,9.81,21.74,32.16,16040.0,20400.0,45220.0,66900.0,,,,
71,1814650.0,13.14,27340.0,9.56,19890.0,2004,"Arts, Entertainment, and Recreation",00-0000,Industry Total,,0.6,100.00,100.0,0.5,6.24,7.38,14.55,23.06,12990.0,15340.0,30250.0,47970.0,,,,
72,10567790.0,9.06,18840.0,7.71,16030.0,2004,Accomodation and Food Service,00-0000,Industry Total,,0.1,100.00,100.0,0.3,5.81,6.48,9.9,13.69,12080.0,13480.0,20580.0,28480.0,,,,
81,3783720.0,14.3,29740.0,11.16,23210.0,2004,Other Services (except Public Administration),00-0000,Industry Total,,0.2,100.00,100.0,0.3,6.58,8.07,17.14,25.43,13690.0,16780.0,35650.0,52900.0,,,,
92,9386610.0,20.71,43070.0,18.22,37900.0,2004,Public Administration,00-0000,Industry Total,,0.4,100.00,100.0,0.4,9.54,12.97,26.04,35.47,19850.0,26990.0,54160.0,73770.0,,,,
11,388590.0,11.79,24530.0,9.24,19230.0,2008,"Agriculture, Forestry, Fishing and Hunting",00-0000,Industry Total,,0.8,100.00,100,0.6,7.83,8.1,12.81,18.8,16300.0,16840.0,26640.0,39110.0,,,,
21,685650.0,24.22,50380.0,20.09,41790.0,2008,"Mining, Quarrying, and Oil and Gas Extraction",00-0000,Industry Total,,0.8,100.00,100,0.8,11.4,14.77,27.97,41.14,23720.0,30710.0,58170.0,85570.0,,,,
22,557010.0,29.1,60520.0,27.7,57610.0,2008,Utilities,00-0000,Industry Total,,1.2,100.00,100,0.6,13.92,19.68,36.03,46.28,28940.0,40920.0,74950.0,96260.0,,,,
23,7456300.0,21.68,45100.0,18.38,38240.0,2008,Construction,00-0000,Industry Total,,0.2,100.00,100,0.2,10.58,13.54,26.61,36.89,22000.0,28170.0,55350.0,76740.0,,,,
31-33,13655340.0,20.8,43270.0,16.62,34570.0,2008,Manufacturing,00-0000,Industry Total,,0.3,100.00,100,0.3,9.49,12.14,24.64,37.6,19740.0,25260.0,51250.0,78210.0,,,,
42,6011920.0,23.41,48700.0,17.72,36850.0,2008,Wholesale Trade,00-0000,Industry Total,,0.2,100.00,100,0.3,9.46,12.48,27.63,44.68,19670.0,25960.0,57460.0,92930.0,,,,
44-45,15641530.0,13.73,28560.0,10.55,21950.0,2008,Retail Trade,00-0000,Industry Total,,0.1,100.00,100,0.2,7.45,8.43,15.14,23.08,15490.0,17540.0,31490.0,48000.0,,,,
48-49,5346660.0,20.35,42330.0,18.39,38240.0,2008,Transportation and Warehousing,00-0000,Industry Total,,0.5,100.00,100,0.4,9.91,13.09,24.96,30.82,20600.0,27230.0,51930.0,64100.0,,,,
51,3019290.0,27.56,57320.0,23.1,48050.0,2008,Information,00-0000,Industry Total,,0.6,100.00,100,1.2,9.76,14.35,34.88,50.76,20300.0,29850.0,72560.0,105580.0,,,,
52,5916480.0,26.65,55440.0,19.63,40820.0,2008,Finance and Insurance,00-0000,Industry Total,,0.3,100.00,100,0.4,10.66,13.8,31.72,50.61,22170.0,28710.0,65990.0,105260.0,,,,
53,2137390.0,18.61,38710.0,14.42,29990.0,2008,Real Estate and Rental and Leasing,00-0000,Industry Total,,0.3,100.00,100,0.4,8.11,10.33,20.9,32.46,16870.0,21480.0,43460.0,67510.0,,,,
54,7747850.0,31.75,66040.0,25.41,52850.0,2008,"Professional, Scientific, and Technical Services",00-0000,Industry Total,,0.2,100.00,100,0.2,11.29,16.15,40.4,60.63,23480.0,33580.0,84030.0,126110.0,,,,
55,1916450.0,31.31,65130.0,25.01,52030.0,2008,Management of Companies and Enterprises,00-0000,Industry Total,,0.7,100.00,100,0.5,11.82,16.3,39.75,59.17,24580.0,33900.0,82690.0,123060.0,,,,
56,8379080.0,15.69,32640.0,12.16,25290.0,2008,Administrative and Support and Waste Management and Remediation Services,00-0000,Industry Total,,0.3,100.00,100,0.3,7.91,9.28,17.62,27.49,16450.0,19300.0,36650.0,57180.0,,,,
61,12655780.0,22.56,46920.0,19.85,41280.0,2008,Educational Services,00-0000,Industry Total,,0.4,100.00,100,0.4,9.2,13.27,28.4,38.85,19140.0,27590.0,59070.0,80810.0,,,,
62,16499250.0,21.31,44330.0,15.65,32550.0,2008,Health Care and Social Assistance,00-0000,Industry Total,,0.2,100.00,100,0.2,8.63,11.02,25.54,38.27,17950.0,22920.0,53130.0,79590.0,,,,
71,1974230.0,15.08,31360.0,11.01,22890.0,2008,"Arts, Entertainment, and Recreation",00-0000,Industry Total,,0.5,100.00,100,0.4,7.33,8.3,16.88,26.78,15260.0,17270.0,35100.0,55700.0,,,,
72,11525590.0,10.26,21350.0,8.62,17920.0,2008,Accommodation and Food Services,00-0000,Industry Total,,0.1,100.00,100,0.2,6.87,7.49,11.14,15.45,14300.0,15590.0,23180.0,32130.0,,,,
81,3922780.0,16.34,33980.0,12.84,26710.0,2008,"Other Services (except Federal, State, and Local Government)",00-0000,Industry Total,,0.2,100.00,100,0.2,7.65,9.11,19.34,29.13,15900.0,18940.0,40220.0,60590.0,,,,
92,9748080.0,23.81,49530.0,20.86,43390.0,2008,"Federal, State, and Local Government (OES Designation)",00-0000,Industry Total,,0.3,100.00,100,0.3,10.65,14.65,29.95,41.11,22150.0,30480.0,62300.0,85510.0,,,,
11,416600.0,14.33,29800.0,11.36,23630.0,2016,"Agriculture, Forestry, Fishing and Hunting",00-0000,Industry Total,total,1.2,100,100,0.7,9.63,10.01,15.41,22.7,20040.0,20820.0,32040.0,47210.0,,,,
21,649130.0,31.69,65900.0,25.13,52270.0,2016,"Mining, Quarrying, and Oil and Gas Extraction",00-0000,Industry Total,total,0.8,100,100,0.9,13.81,17.95,36.97,57.11,28720.0,37330.0,76900.0,118800.0,,,,
22,549960.0,36.35,75620.0,34.76,72290.0,2016,Utilities,00-0000,Industry Total,total,1,100,100,0.7,17.11,24.85,45.32,57.22,35590.0,51680.0,94270.0,119020.0,,,,
23,6687380.0,25.3,52630.0,21.46,44630.0,2016,Construction,00-0000,Industry Total,total,0.2,100,100,0.2,12.3,15.71,30.51,43.21,25590.0,32680.0,63460.0,89870.0,,,,
31-33,12337520.0,24.39,50720.0,19.0,39530.0,2016,Manufacturing,00-0000,Industry Total,total,0.3,100,100,0.5,10.77,13.82,28.76,44.83,22400.0,28750.0,59820.0,93240.0,,,,
42,5840730.0,27.01,56190.0,20.23,42070.0,2016,Wholesale Trade,00-0000,Industry Total,total,0.2,100,100,0.3,10.68,14.12,31.31,50.61,22220.0,29380.0,65130.0,105270.0,,,,
44-45,15982520.0,15.44,32120.0,11.66,24260.0,2016,Retail Trade,00-0000,Industry Total,total,0.2,100,100,0.2,8.62,9.53,16.93,25.36,17940.0,19820.0,35210.0,52750.0,,,,
48-49,5606180.0,22.57,46940.0,19.4,40350.0,2016,Transportation and Warehousing,00-0000,Industry Total,total,0.5,100,100,0.5,10.72,14.16,27.67,35.56,22310.0,29450.0,57560.0,73970.0,,,,
51,2762090.0,34.86,72510.0,28.55,59390.0,2016,Information,00-0000,Industry Total,total,0.6,100,100,1.1,11.26,17.16,44.98,65.93,23420.0,35690.0,93550.0,137140.0,,,,
52,5775240.0,33.5,69680.0,24.41,50780.0,2016,Finance and Insurance,00-0000,Industry Total,total,0.4,100,100,0.5,12.42,16.38,39.83,64.16,25830.0,34060.0,82840.0,133450.0,,,,
53,2110600.0,22.4,46590.0,17.24,35860.0,2016,Real Estate and Rental and Leasing,00-0000,Industry Total,total,0.3,100,100,0.4,9.78,12.32,25.15,38.85,20340.0,25620.0,52310.0,80800.0,,,,
54,8739110.0,38.32,79700.0,30.82,64100.0,2016,"Professional, Scientific, and Technical Services",00-0000,Industry Total,total,0.2,100,100,0.3,13.17,19.34,48.71,72.55,27400.0,40220.0,101310.0,150900.0,,,,
55,2302590.0,39.35,81840.0,31.43,65380.0,2016,Management of Companies and Enterprises,00-0000,Industry Total,total,0.6,100,100,0.6,14.35,20.08,49.32,73.83,29850.0,41760.0,102590.0,153560.0,,,,
56,9070140.0,18.26,37970.0,13.88,28870.0,2016,Administrative and Support and Waste Management and Remediation Services,00-0000,Industry Total,total,0.3,100,100,0.3,9.09,10.54,20.35,31.53,18900.0,21920.0,42340.0,65590.0,,,,
61,12982910.0,26.03,54140.0,22.46,46710.0,2016,Educational Services,00-0000,Industry Total,total,0.3,100,100,0.5,10.31,14.91,32.17,45.46,21440.0,31020.0,66920.0,94560.0,,,,
62,19257910.0,25.13,52270.0,18.11,37680.0,2016,Health Care and Social Assistance,00-0000,Industry Total,total,0.3,100,100,0.2,9.83,12.25,29.82,46.04,20440.0,25480.0,62030.0,95760.0,,,,
71,2322400.0,17.43,36260.0,12.3,25570.0,2016,"Arts, Entertainment, and Recreation",00-0000,Industry Total,total,1.1,100,100,0.4,8.65,9.61,19.52,30.57,17980.0,19990.0,40600.0,63590.0,,,,
72,13338870.0,12.14,25250.0,10.01,20820.0,2016,Accommodation and Food Services,00-0000,Industry Total,total,0.1,100,100,0.2,8.27,8.94,12.87,18.5,17210.0,18600.0,26770.0,38480.0,,,,
81,4078800.0,19.41,40370.0,14.69,30560.0,2016,Other Services (except Public Administration),00-0000,Industry Total,total,0.2,100,100,0.3,8.98,10.3,23.14,34.95,18670.0,21420.0,48120.0,72690.0,,,,
92,9589350.0,28.26,58780.0,24.36,50670.0,2016,"Federal, State, and Local Government (excluding state and local schools and hospitals)",00-0000,Industry Total,total,0.2,100,100,0.3,12.42,17.13,35.97,48.94,25820.0,35640.0,74820.0,101800.0,,,,
11,379690.0,11.04,22960.0,8.59,17860.0,2006,"Agriculture, Forestry, Fishing, and Hunting",00-0000,Industry Total,,1.1,100.00,100,0.7,6.93,7.45,12.28,18.11,14410.0,15500.0,25540.0,37680.0,,,,
21,590510.0,22.26,46310.0,18.51,38500.0,2006,Mining,00-0000,Industry Total,,0.9,100.00,100,0.9,10.3,13.52,26.29,38.76,21410.0,28120.0,54680.0,80620.0,,,,
22,546400.0,26.8,55750.0,25.6,53240.0,2006,Utilities,00-0000,Industry Total,,1.1,100.00,100,0.6,12.89,18.35,33.2,42.33,26810.0,38170.0,69060.0,88050.0,,,,
23,7633080.0,20.17,41950.0,17.26,35900.0,2006,Construction,00-0000,Industry Total,,0.2,100.00,100,0.2,9.79,12.59,24.72,33.93,20350.0,26190.0,51410.0,70570.0,,,,
31-33,14185770.0,19.38,40320.0,15.64,32540.0,2006,Manufacturing,00-0000,Industry Total,,0.3,100.00,100,0.3,8.9,11.33,23.07,34.74,18510.0,23580.0,47980.0,72260.0,,,,
42,5862420.0,21.6,44930.0,16.58,34480.0,2006,Wholesale Trade,00-0000,Industry Total,,0.2,100.00,100,0.3,8.84,11.58,25.63,41.09,18390.0,24090.0,53320.0,85470.0,,,,
44-45,15516280.0,13.0,27040.0,10.1,21000.0,2006,Retail Trade,00-0000,Industry Total,,0.1,100.00,100,0.2,6.81,7.93,14.46,21.9,14160.0,16500.0,30080.0,45550.0,,,,
48-49,5203910.0,19.39,40340.0,17.54,36490.0,2006,Transportation and Warehousing,00-0000,Industry Total,,0.5,100.00,100,0.5,9.46,12.43,22.84,29.76,19680.0,25860.0,47510.0,61900.0,,,,
51,3056170.0,24.93,51860.0,21.08,43860.0,2006,Information,00-0000,Industry Total,,0.6,100.00,100,0.9,8.96,13.17,31.71,45.79,18640.0,27390.0,65960.0,95250.0,,,,
52,5992570.0,24.59,51150.0,18.3,38060.0,2006,Finance and Insurance,00-0000,Industry Total,,0.3,100.00,100,0.4,9.9,12.81,29.15,46.86,20590.0,26640.0,60640.0,97470.0,,,,
53,2148700.0,17.32,36020.0,13.34,27740.0,2006,Real Estate and Rental and Leasing,00-0000,Industry Total,,0.4,100.00,100,0.5,7.52,9.59,19.54,30.35,15640.0,19940.0,40650.0,63130.0,,,,
54,7243130.0,29.13,60590.0,23.44,48750.0,2006,"Professional, Scientific, and Technical Services",00-0000,Industry Total,,0.3,100.00,100,0.3,10.4,14.95,37.34,55.69,21630.0,31090.0,77670.0,115830.0,,,,
55,1786440.0,28.41,59080.0,22.81,47450.0,2006,Management of Companies and Enterprises,00-0000,Industry Total,,0.7,100.00,100,0.6,10.61,14.84,36.16,53.67,22060.0,30870.0,75220.0,111640.0,,,,
56,8350180.0,14.56,30290.0,11.22,23340.0,2006,Administrative and Support and Waste Management and Remediation Services,00-0000,Industry Total,,0.3,100.00,100,0.3,7.26,8.63,16.42,25.61,15100.0,17950.0,34160.0,53260.0,,,,
61,12291320.0,20.94,43560.0,18.39,38250.0,2006,Educational Services,00-0000,Industry Total,,0.4,100.00,100,0.7,8.63,12.29,26.42,36.2,17950.0,25570.0,54950.0,75300.0,,,,
62,15586670.0,19.74,41050.0,14.72,30620.0,2006,Health Care and Social Assistance,00-0000,Industry Total,,0.3,100.00,100,0.2,8.11,10.35,23.68,34.99,16860.0,21520.0,49250.0,72790.0,,,,
71,1866930.0,14.07,29260.0,10.22,21260.0,2006,"Arts, Entertainment, and Recreation",00-0000,Industry Total,,0.6,100.00,100,0.5,6.64,7.76,15.76,25.27,13800.0,16140.0,32770.0,52550.0,,,,
72,11049000.0,9.45,19650.0,8.0,16630.0,2006,Accommodation and Food Service,00-0000,Industry Total,,0.1,100.00,100,0.2,6.02,6.8,10.37,14.38,12520.0,14150.0,21570.0,29910.0,,,,
81,3833100.0,15.23,31680.0,11.97,24900.0,2006,Other Services (except Public Administration),00-0000,Industry Total,,0.2,100.00,100,0.3,6.97,8.5,18.23,27.14,14490.0,17670.0,37910.0,56450.0,,,,
92,9482720.0,22.13,46040.0,19.47,40510.0,2006,"Federal, State, and Local Government (OES Designation)",00-0000,Industry Total,,0.4,100.00,100,0.3,10.02,13.78,27.87,38.29,20850.0,28670.0,57970.0,79650.0,,,,
11,409720.0,12.94,26920.0,9.7,20180.0,2014,"Agriculture, Forestry, Fishing and Hunting",00-0000,Industry Total,total,1,100,100,0.8,8.41,8.85,14.18,21.17,17480.0,18410.0,29480.0,44040.0,,,,
21,824260.0,29.98,62360.0,23.56,49000.0,2014,"Mining, Quarrying, and Oil and Gas Extraction",00-0000,Industry Total,total,0.7,100,100,1.1,13.17,17.07,34.69,54.44,27400.0,35510.0,72150.0,113240.0,,,,
22,547980.0,34.13,70980.0,32.78,68190.0,2014,Utilities,00-0000,Industry Total,total,1,100,100,0.7,16.26,23.48,42.39,53.46,33820.0,48830.0,88180.0,111200.0,,,,
23,6094090.0,24.1,50120.0,20.36,42340.0,2014,Construction,00-0000,Industry Total,total,0.2,100,100,0.2,11.57,14.94,29.47,41.22,24060.0,31080.0,61290.0,85730.0,,,,
31-33,12100740.0,23.37,48610.0,18.34,38150.0,2014,Manufacturing,00-0000,Industry Total,total,0.3,100,100,0.4,10.2,13.25,27.73,43.07,21210.0,27560.0,57690.0,89590.0,,,,
42,5780070.0,25.82,53710.0,19.29,40120.0,2014,Wholesale Trade,00-0000,Industry Total,total,0.2,100,100,0.3,10.08,13.43,30.29,48.71,20970.0,27940.0,63010.0,101330.0,,,,
44-45,15472510.0,14.69,30560.0,11.19,23270.0,2014,Retail Trade,00-0000,Industry Total,total,0.1,100,100,0.2,8.27,9.04,16.13,23.92,17200.0,18800.0,33550.0,49750.0,,,,
48-49,5202640.0,22.0,45760.0,19.48,40530.0,2014,Transportation and Warehousing,00-0000,Industry Total,total,0.6,100,100,0.4,10.41,13.9,26.96,34.69,21660.0,28910.0,56070.0,72160.0,,,,
51,2735590.0,32.55,67700.0,26.81,55770.0,2014,Information,00-0000,Industry Total,total,0.8,100,100,1.5,10.5,16.06,41.92,61.4,21840.0,33390.0,87200.0,127720.0,,,,
52,5618720.0,31.3,65100.0,22.86,47550.0,2014,Finance and Insurance,00-0000,Industry Total,total,0.4,100,100,0.4,11.88,15.53,37.42,60.3,24700.0,32300.0,77840.0,125430.0,,,,
53,2017970.0,20.97,43630.0,16.28,33870.0,2014,Real Estate and Rental and Leasing,00-0000,Industry Total,total,0.3,100,100,0.4,9.15,11.59,23.58,36.49,19020.0,24100.0,49040.0,75890.0,,,,
54,8231540.0,36.33,75570.0,29.45,61250.0,2014,"Professional, Scientific, and Technical Services",00-0000,Industry Total,total,0.2,100,100,0.2,12.51,18.35,46.24,69.16,26020.0,38170.0,96180.0,143850.0,,,,
55,2206620.0,37.24,77470.0,29.91,62210.0,2014,Management of Companies and Enterprises,00-0000,Industry Total,total,0.6,100,100,0.6,13.54,19.1,46.74,70.17,28160.0,39720.0,97220.0,145960.0,,,,
56,8627320.0,17.23,35840.0,13.15,27340.0,2014,Administrative and Support and Waste Management and Remediation Services,00-0000,Industry Total,total,0.3,100,100,0.3,8.6,9.87,19.14,29.96,17880.0,20520.0,39810.0,62320.0,,,,
61,12758610.0,24.7,51370.0,21.51,44740.0,2014,Educational Services,00-0000,Industry Total,total,0.4,100,100,0.4,9.84,14.2,30.79,42.96,20460.0,29540.0,64040.0,89360.0,,,,
62,18341690.0,23.93,49770.0,17.38,36160.0,2014,Health Care and Social Assistance,00-0000,Industry Total,total,0.3,100,100,0.2,9.33,11.71,28.66,43.83,19400.0,24350.0,59620.0,91170.0,,,,
71,2198590.0,16.59,34500.0,11.68,24300.0,2014,"Arts, Entertainment, and Recreation",00-0000,Industry Total,total,0.7,100,100,0.5,8.3,9.08,18.57,29.56,17270.0,18890.0,38620.0,61480.0,,,,
72,12548660.0,11.31,23530.0,9.3,19330.0,2014,Accommodation and Food Services,00-0000,Industry Total,total,0.1,100,100,0.2,8.03,8.55,11.73,17.2,16700.0,17780.0,24400.0,35780.0,,,,
81,3937990.0,18.35,38170.0,13.99,29100.0,2014,Other Services (except Public Administration),00-0000,Industry Total,total,0.2,100,100,0.3,8.53,9.62,21.92,33.4,17740.0,20010.0,45600.0,69460.0,,,,
92,9472980.0,27.15,56470.0,23.49,48850.0,2014,"Federal, State, and Local Government (excluding state and local schools and hospitals)",00-0000,Industry Total,total,0.2,100,100,0.2,12.0,16.57,34.52,47.0,24960.0,34460.0,71810.0,97760.0,,,,
11,368400.0,12.27,25530.0,9.38,19510.0,2010,"Agriculture, Forestry, Fishing and Hunting",00-0000,Industry Total,total,0.8,100,100,0.7,8.21,8.66,13.38,19.26,17070.0,18010.0,27820.0,40070.0,,,,
21,625580.0,26.88,55910.0,21.73,45200.0,2010,"Mining, Quarrying, and Oil and Gas Extraction",00-0000,Industry Total,total,0.9,100,100,1,12.16,15.78,31.06,47.65,25290.0,32810.0,64600.0,99120.0,,,,
22,550680.0,30.48,63400.0,29.22,60770.0,2010,Utilities,00-0000,Industry Total,total,1.4,100,100,0.6,14.84,20.76,37.33,47.06,30870.0,43190.0,77650.0,97880.0,,,,
23,5662980.0,22.82,47470.0,19.15,39840.0,2010,Construction,00-0000,Industry Total,total,0.2,100,100,0.2,10.85,14.04,28.09,38.74,22580.0,29200.0,58420.0,80580.0,,,,
31-33,11494240.0,21.96,45680.0,17.46,36320.0,2010,Manufacturing,00-0000,Industry Total,total,0.3,100,100,0.4,9.81,12.63,26.04,39.94,20400.0,26270.0,54160.0,83080.0,,,,
42,5464490.0,24.36,50660.0,18.29,38050.0,2010,Wholesale Trade,00-0000,Industry Total,total,0.2,100,100,0.3,9.74,12.87,28.61,45.76,20250.0,26780.0,59510.0,95190.0,,,,
44-45,14622020.0,13.93,28980.0,10.7,22250.0,2010,Retail Trade,00-0000,Industry Total,total,0.1,100,100,0.2,7.83,8.73,15.23,22.73,16290.0,18150.0,31680.0,47270.0,,,,
48-49,4859390.0,20.87,43400.0,18.81,39130.0,2010,Transportation and Warehousing,00-0000,Industry Total,total,0.5,100,100,0.4,10.18,13.41,25.53,31.89,21170.0,27900.0,53100.0,66340.0,,,,
51,2708760.0,29.09,60500.0,24.17,50280.0,2010,Information,00-0000,Industry Total,total,0.6,100,100,1.1,10.05,14.93,36.7,53.95,20900.0,31050.0,76330.0,112220.0,,,,
52,5504920.0,28.0,58250.0,20.65,42960.0,2010,Finance and Insurance,00-0000,Industry Total,total,0.3,100,100,0.4,11.01,14.27,33.62,53.14,22890.0,29680.0,69930.0,110530.0,,,,
53,1925960.0,19.49,40540.0,14.98,31160.0,2010,Real Estate and Rental and Leasing,00-0000,Industry Total,total,0.3,100,100,0.4,8.65,10.75,21.99,34.24,17990.0,22370.0,45730.0,71220.0,,,,
54,7385950.0,33.63,69960.0,27.07,56310.0,2010,"Professional, Scientific, and Technical Services",00-0000,Industry Total,total,0.3,100,100,0.2,11.75,17.01,42.84,63.63,24430.0,35370.0,89110.0,132350.0,,,,
55,1906290.0,33.31,69280.0,26.78,55700.0,2010,Management of Companies and Enterprises,00-0000,Industry Total,total,0.6,100,100,0.5,12.64,17.43,41.96,61.7,26300.0,36250.0,87280.0,128340.0,,,,
56,7387140.0,16.42,34140.0,12.67,26350.0,2010,Administrative and Support and Waste Management and Remediation Services,00-0000,Industry Total,total,0.3,100,100,0.3,8.29,9.54,18.37,28.67,17240.0,19840.0,38210.0,59640.0,,,,
61,12826190.0,23.65,49200.0,20.73,43120.0,2010,Educational Services,00-0000,Industry Total,total,0.4,100,100,0.5,9.64,13.78,29.54,40.74,20060.0,28670.0,61440.0,84740.0,,,,
62,17159240.0,22.38,46540.0,16.33,33980.0,2010,Health Care and Social Assistance,00-0000,Industry Total,total,0.3,100,100,0.2,8.93,11.24,26.82,40.14,18580.0,23380.0,55790.0,83500.0,,,,
71,1888640.0,15.71,32670.0,11.22,23340.0,2010,"Arts, Entertainment, and Recreation",00-0000,Industry Total,total,0.5,100,100,0.4,7.83,8.77,17.56,27.89,16280.0,18240.0,36510.0,58020.0,,,,
72,11104450.0,10.79,22440.0,9.05,18820.0,2010,Accommodation and Food Services,00-0000,Industry Total,total,0.1,100,100,0.3,7.6,8.15,11.35,16.02,15810.0,16960.0,23600.0,33320.0,,,,
81,3725630.0,17.12,35610.0,13.24,27540.0,2010,"Other Services (except Federal, State, and Local Government)",00-0000,Industry Total,total,0.2,100,100,0.3,8.15,9.31,20.25,30.45,16940.0,19370.0,42120.0,63340.0,,,,
92,9926230.0,25.3,52630.0,21.97,45710.0,2010,"Federal, State, and Local Government (OES Designation)",00-0000,Industry Total,total,0.3,100,100,0.3,11.15,15.48,31.62,44.01,23190.0,32200.0,65770.0,91530.0,,,,
11,393840.0,12.47,25950.0,9.4,19550.0,2012,"Agriculture, Forestry, Fishing and Hunting",00-0000,Industry Total,total,1.2,100,100,0.8,8.32,8.74,13.52,20.09,17310.0,18170.0,28120.0,41780.0,,,,
21,783110.0,29.23,60790.0,22.87,47580.0,2012,"Mining, Quarrying, and Oil and Gas Extraction",00-0000,Industry Total,total,1,100,100,1.4,12.66,16.55,33.32,53.29,26320.0,34420.0,69310.0,110850.0,,,,
22,552750.0,31.9,66360.0,30.72,63900.0,2012,Utilities,00-0000,Industry Total,total,1.3,100,100,0.7,15.27,21.76,39.44,49.55,31770.0,45270.0,82040.0,103060.0,,,,
23,5611950.0,23.52,48920.0,19.86,41310.0,2012,Construction,00-0000,Industry Total,total,0.2,100,100,0.2,11.12,14.53,28.95,40.16,23130.0,30210.0,60210.0,83530.0,,,,
31-33,11866540.0,22.71,47240.0,17.98,37400.0,2012,Manufacturing,00-0000,Industry Total,total,0.3,100,100,0.4,10.0,12.97,27.06,41.65,20790.0,26980.0,56290.0,86620.0,,,,
42,5623510.0,25.07,52150.0,18.86,39230.0,2012,Wholesale Trade,00-0000,Industry Total,total,0.2,100,100,0.3,9.9,13.17,29.54,47.0,20590.0,27390.0,61440.0,97760.0,,,,
44-45,14982710.0,14.29,29710.0,10.94,22740.0,2012,Retail Trade,00-0000,Industry Total,total,0.1,100,100,0.2,8.13,8.91,15.68,23.15,16900.0,18540.0,32610.0,48160.0,,,,
48-49,5014660.0,21.58,44880.0,19.43,40410.0,2012,Transportation and Warehousing,00-0000,Industry Total,total,0.5,100,100,0.4,10.47,13.81,26.26,33.69,21780.0,28720.0,54620.0,70070.0,,,,
51,2688380.0,30.76,63980.0,25.57,53180.0,2012,Information,00-0000,Industry Total,total,0.6,100,100,1.1,10.35,15.58,39.31,56.86,21520.0,32410.0,81760.0,118270.0,,,,
52,5535000.0,29.64,61640.0,21.78,45310.0,2012,Finance and Insurance,00-0000,Industry Total,total,0.4,100,100,0.4,11.45,14.86,35.52,56.71,23820.0,30920.0,73890.0,117950.0,,,,
53,1928950.0,19.96,41510.0,15.52,32280.0,2012,Real Estate and Rental and Leasing,00-0000,Industry Total,total,0.3,100,100,0.4,8.91,11.1,22.5,34.93,18530.0,23080.0,46800.0,72660.0,,,,
54,7768610.0,35.06,72930.0,28.43,59140.0,2012,"Professional, Scientific, and Technical Services",00-0000,Industry Total,total,0.2,100,100,0.2,12.16,17.74,44.58,66.66,25300.0,36900.0,92730.0,138650.0,,,,
55,2003680.0,35.25,73320.0,28.52,59320.0,2012,Management of Companies and Enterprises,00-0000,Industry Total,total,0.6,100,100,0.5,13.02,18.39,44.4,65.76,27080.0,38250.0,92360.0,136790.0,,,,
56,7991260.0,16.66,34650.0,12.74,26500.0,2012,Administrative and Support and Waste Management and Remediation Services,00-0000,Industry Total,total,0.3,100,100,0.3,8.42,9.57,18.59,29.09,17520.0,19910.0,38660.0,60510.0,,,,
61,12683810.0,24.16,50240.0,21.1,43880.0,2012,Educational Services,00-0000,Industry Total,total,0.4,100,100,0.4,9.68,13.92,30.2,42.0,20130.0,28960.0,62810.0,87350.0,,,,
62,17720090.0,23.17,48180.0,16.94,35240.0,2012,Health Care and Social Assistance,00-0000,Industry Total,total,0.2,100,100,0.2,9.15,11.48,27.87,42.08,19020.0,23870.0,57970.0,87530.0,,,,
71,1937910.0,16.08,33440.0,11.39,23690.0,2012,"Arts, Entertainment, and Recreation",00-0000,Industry Total,total,0.5,100,100,0.4,8.15,8.95,17.99,28.79,16960.0,18620.0,37410.0,59880.0,,,,
72,11675540.0,10.96,22800.0,9.18,19090.0,2012,Accommodation and Food Services,00-0000,Industry Total,total,0.1,100,100,0.2,7.89,8.44,11.43,16.5,16410.0,17550.0,23780.0,34320.0,,,,
81,3809410.0,17.64,36700.0,13.54,28160.0,2012,Other Services (except Public Administration),00-0000,Industry Total,total,0.2,100,100,0.3,8.38,9.43,21.03,31.85,17430.0,19610.0,43730.0,66250.0,,,,
92,9716010.0,26.06,54210.0,22.58,46960.0,2012,"Federal, State, and Local Government (excluding state and local schools and hospitals)",00-0000,Industry Total,total,0.2,100,100,0.2,11.33,15.85,33.08,45.21,23560.0,32970.0,68800.0,94050.0,,,,
11,412150.0,13.59,28280.0,10.52,21890.0,2015,"Agriculture, Forestry, Fishing and Hunting",00-0000,Industry Total,total,1.1,100,100,0.8,9.1,9.31,14.85,21.93,18930.0,19370.0,30880.0,45610.0,,,,
21,811320.0,30.44,63310.0,23.83,49570.0,2015,"Mining, Quarrying, and Oil and Gas Extraction",00-0000,Industry Total,total,0.6,100,100,0.9,13.41,17.33,35.27,54.97,27900.0,36050.0,73360.0,114340.0,,,,
22,553890.0,35.14,73100.0,33.66,70020.0,2015,Utilities,00-0000,Industry Total,total,1,100,100,0.6,16.6,24.02,43.85,55.31,34520.0,49970.0,91210.0,115050.0,,,,
23,6393080.0,24.66,51300.0,20.84,43340.0,2015,Construction,00-0000,Industry Total,total,0.2,100,100,0.2,11.92,15.27,29.91,42.21,24800.0,31770.0,62200.0,87790.0,,,,
31-33,12303190.0,23.82,49550.0,18.61,38710.0,2015,Manufacturing,00-0000,Industry Total,total,0.3,100,100,0.5,10.39,13.47,28.2,43.89,21610.0,28010.0,58660.0,91290.0,,,,
42,5838140.0,26.36,54830.0,19.7,40980.0,2015,Wholesale Trade,00-0000,Industry Total,total,0.2,100,100,0.3,10.31,13.74,30.69,49.54,21450.0,28590.0,63830.0,103050.0,,,,
44-45,15750910.0,15.04,31280.0,11.38,23670.0,2015,Retail Trade,00-0000,Industry Total,total,0.1,100,100,0.2,8.45,9.23,16.49,24.64,17580.0,19200.0,34300.0,51250.0,,,,
48-49,5404270.0,22.2,46180.0,19.31,40160.0,2015,Transportation and Warehousing,00-0000,Industry Total,total,0.5,100,100,0.4,10.44,13.98,27.36,35.11,21720.0,29090.0,56910.0,73030.0,,,,
51,2749040.0,33.86,70440.0,27.82,57860.0,2015,Information,00-0000,Industry Total,total,1,100,100,1.6,10.81,16.62,43.78,64.24,22490.0,34560.0,91070.0,133620.0,,,,
52,5665510.0,32.4,67390.0,23.6,49090.0,2015,Finance and Insurance,00-0000,Industry Total,total,0.3,100,100,0.4,12.11,15.93,38.69,62.36,25190.0,33130.0,80470.0,129710.0,,,,
53,2066420.0,21.65,45030.0,16.74,34810.0,2015,Real Estate and Rental and Leasing,00-0000,Industry Total,total,0.3,100,100,0.4,9.37,11.91,24.3,37.52,19500.0,24780.0,50540.0,78030.0,,,,
54,8483010.0,37.29,77570.0,30.12,62640.0,2015,"Professional, Scientific, and Technical Services",00-0000,Industry Total,total,0.2,100,100,0.3,12.8,18.79,47.53,70.78,26620.0,39080.0,98860.0,147220.0,,,,
55,2259540.0,38.27,79600.0,30.59,63630.0,2015,Management of Companies and Enterprises,00-0000,Industry Total,total,0.6,100,100,0.6,13.92,19.53,48.05,71.97,28950.0,40620.0,99940.0,149700.0,,,,
56,8882420.0,17.63,36660.0,13.43,27930.0,2015,Administrative and Support and Waste Management and Remediation Services,00-0000,Industry Total,total,0.2,100,100,0.3,8.85,10.11,19.6,30.52,18410.0,21030.0,40770.0,63480.0,,,,
61,12861660.0,25.17,52360.0,21.89,45530.0,2015,Educational Services,00-0000,Industry Total,total,0.3,100,100,0.4,10.0,14.47,31.28,43.9,20800.0,30100.0,65050.0,91320.0,,,,
62,18738850.0,24.51,50970.0,17.72,36850.0,2015,Health Care and Social Assistance,00-0000,Industry Total,total,0.3,100,100,0.2,9.51,11.93,29.18,44.96,19770.0,24810.0,60700.0,93510.0,,,,
71,2243250.0,17.07,35510.0,11.99,24940.0,2015,"Arts, Entertainment, and Recreation",00-0000,Industry Total,total,1,100,100,0.5,8.51,9.31,19.07,30.1,17700.0,19360.0,39670.0,62600.0,,,,
72,12922560.0,11.7,24340.0,9.49,19740.0,2015,Accommodation and Food Services,00-0000,Industry Total,total,0.1,100,100,0.2,8.16,8.77,12.18,17.89,16970.0,18250.0,25340.0,37200.0,,,,
81,4010090.0,18.83,39160.0,14.3,29730.0,2015,Other Services (except Public Administration),00-0000,Industry Total,total,0.2,100,100,0.3,8.79,9.84,22.43,34.13,18280.0,20460.0,46660.0,70980.0,,,,
92,9547400.0,27.57,57350.0,23.83,49560.0,2015,"Federal, State, and Local Government (excluding state and local schools and hospitals)",00-0000,Industry Total,total,0.3,100,100,0.3,12.13,16.77,34.99,47.9,25240.0,34870.0,72770.0,99630.0,,,,
07,903672.6561656457,8.286473415168128,17235.46455493175,6.946728559130051,14449.640405187662,1995,,,,,,,,,,,,,,,,,,,,
10,623723.1318790962,16.794063113026404,34928.05741398978,14.770772945777862,30728.466436027622,1995,,,,,,,,,,,,,,,,,,,,
15,5547940.658124209,13.727235085789204,28555.173053628685,11.575744250979156,24076.097468803553,1995,,,,,,,,,,,,,,,,,,,,
20,19914319.344121974,13.063752400689653,27172.940250620617,11.242738128001719,23385.372697047365,1995,,,,,,,,,,,,,,,,,,,,
40,4151974.3994548395,13.203338322501601,27464.068199068875,11.748572814471519,24439.488952096326,1995,,,,,,,,,,,,,,,,,,,,
48,1331765.246985836,16.06586983661291,33419.88805855249,14.745033489631805,30668.275635485687,1995,,,,,,,,,,,,,,,,,,,,
49,874807.434691158,17.732455522405004,36889.57198775919,16.860872766756025,35070.260054738006,1995,,,,,,,,,,,,,,,,,,,,
50,6821698.996778083,13.491661149767069,28062.229469339145,10.735431517085562,22331.56770338052,1995,,,,,,,,,,,,,,,,,,,,
52,21595935.867612995,8.038327411975645,16718.91405631732,6.583998614713411,13697.32941893496,1995,,,,,,,,,,,,,,,,,,,,
60,6814814.4570728475,14.36027390089593,29870.52626402949,11.504101038320588,23929.07141348626,1995,,,,,,,,,,,,,,,,,,,,
72,1151643.5364143508,8.37212233294384,17412.520192360458,7.022904523167818,14608.182751316472,1995,,,,,,,,,,,,,,,,,,,,
75,9338747.261430105,10.921487094484641,22721.055224263007,8.392630051778886,17462.544577839013,1995,,,,,,,,,,,,,,,,,,,,
79,2053336.1845160113,9.056489937516803,18838.348679411858,6.8147397894730375,14174.111710205656,1995,,,,,,,,,,,,,,,,,,,,
80,10379419.46460861,14.195856321834972,29525.17700969563,10.944130263629022,22767.266503311293,1995,,,,,,,,,,,,,,,,,,,,
82,9879680.992997285,14.074049465797634,29280.97967888802,12.365001911254383,25717.702439114593,1995,,,,,,,,,,,,,,,,,,,,
83,2277079.347073248,9.123843785085906,18980.532596571986,7.545945147890846,15700.827569333454,1995,,,,,,,,,,,,,,,,,,,,
89,4892058.595247124,16.34936712366925,34009.68672477055,13.315615287908571,27700.064334265953,1995,,,,,,,,,,,,,,,,,,,,
90,9638006.706075542,14.570622362118598,30310.69434150554,13.506735304615063,28099.103298465096,1995,,,,,,,,,,,,,,,,,,,,
07,950525.1501849289,8.827309558591185,18360.76838971246,7.307082215261028,15198.874927576002,1996,,,,,,,,,,,,,,,,,,,,
10,610563.5800903507,17.3113349861043,36005.63800535977,15.102130304286364,31415.49064547852,1996,,,,,,,,,,,,,,,,,,,,
15,5772630.606006119,14.482189309085989,30124.37277727526,12.316176147366972,25616.628709875695,1996,,,,,,,,,,,,,,,,,,,,
20,19463128.77421298,13.794685082900033,28693.100481767116,11.828864971340185,24604.321282857032,1996,,,,,,,,,,,,,,,,,,,,
40,4212497.61906121,13.858396999276362,28825.95251411014,12.32954246571015,25646.782743542968,1996,,,,,,,,,,,,,,,,,,,,
48,1392161.1989533,17.068637916336886,35504.28512412875,15.708973944565152,32673.957269221362,1996,,,,,,,,,,,,,,,,,,,,
49,870831.7523295023,18.645085413644537,38785.21973840931,17.766157664633734,36953.37795364725,1996,,,,,,,,,,,,,,,,,,,,
50,6815514.80022588,14.318330585217238,29781.978888515536,11.363593897469814,23637.222575939944,1996,,,,,,,,,,,,,,,,,,,,
52,21900625.244994733,8.435675285830548,17545.681704669707,6.886071176136837,14324.651306214568,1996,,,,,,,,,,,,,,,,,,,,
60,6946362.010360264,15.300877443090645,31826.52793264211,12.173761774816978,25321.684933086228,1996,,,,,,,,,,,,,,,,,,,,
72,1174484.073634126,8.80631516569969,18316.418798914816,7.310393452116081,15205.544886959782,1996,,,,,,,,,,,,,,,,,,,,
75,9651673.529637504,11.740219057406478,24422.056906223654,8.849020799720059,18409.079166152056,1996,,,,,,,,,,,,,,,,,,,,
79,2094263.7177781812,9.650639854849812,20073.680266910564,7.151735697383546,14875.329983256737,1996,,,,,,,,,,,,,,,,,,,,
80,10547498.683150357,14.793045216113054,30768.454736162916,11.469263169311514,23858.091512370218,1996,,,,,,,,,,,,,,,,,,,,
82,10149198.060656063,14.752185262206234,30688.736711885373,13.002966398001796,27045.30769287944,1996,,,,,,,,,,,,,,,,,,,,
83,2395885.7890189276,9.532763355599664,19829.620133545624,7.89590494862376,16426.557156384482,1996,,,,,,,,,,,,,,,,,,,,
89,5050183.226068891,17.396318962863454,36186.10921297268,14.112785489274964,29356.69364743703,1996,,,,,,,,,,,,,,,,,,,,
90,9681498.247839116,15.330184192938873,31888.753222144107,14.178987731085153,29495.10037555721,1996,,,,,,,,,,,,,,,,,,,,
07,991190.0,9.44,19635.0,7.73,16078.0,1997,,,,,,,,,,,,,,,,,,,,
10,604210.0,17.792053921649757,37007.56619387299,15.379669154764073,31989.44919812648,1997,,,,,,,,,,,,,,,,,,,,
15,5973680.0,15.255896700191506,31732.57163423551,13.078495835063144,27202.96483909416,1997,,,,,,,,,,,,,,,,,,,,
20,18929180.0,14.549693494382748,30263.311411270854,12.42777542397505,25849.768585326994,1997,,,,,,,,,,,,,,,,,,,,
40,4251150.0,14.52712983545629,30216.48609905555,12.926772896745588,26887.607289792173,1997,,,,,,,,,,,,,,,,,,,,
48,1453440.0,18.09,37627.0,16.67,34674.0,1997,,,,,,,,,,,,,,,,,,,,
49,868660.0,19.57,40706.0,18.67,38834.0,1997,,,,,,,,,,,,,,,,,,,,
50,6777790.0,15.138565432095124,31487.934059627107,11.98572608475624,24930.51025629298,1997,,,,,,,,,,,,,,,,,,,,
52,22208490.0,8.847255031746867,18402.223280826387,7.200565153236442,14977.332397655131,1997,,,,,,,,,,,,,,,,,,,,
60,7050340.0,16.270229024415848,33842.207751682894,12.86110434390398,26751.00393314365,1997,,,,,,,,,,,,,,,,,,,,
72,1196830.0,9.26,19261.0,7.63,15870.0,1997,,,,,,,,,,,,,,,,,,,,
75,9877510.0,12.598715364499757,26205.38121044676,9.308891755108322,19362.340793378087,1997,,,,,,,,,,,,,,,,,,,,
79,2121530.0,10.238060644911926,21294.973241010026,7.501272713560497,15602.743694409224,1997,,,,,,,,,,,,,,,,,,,,
80,10744760.0,15.41,32053.0,12.0,24960.0,1997,,,,,,,,,,,,,,,,,,,,
82,10442970.0,15.47,32178.0,13.659999999999998,28413.0,1997,,,,,,,,,,,,,,,,,,,,
83,2517340.0,9.98,20758.0,8.27,17202.0,1997,,,,,,,,,,,,,,,,,,,,
89,5196620.0,18.493719321405067,38467.048096647435,14.92919618906135,31052.894783532374,1997,,,,,,,,,,,,,,,,,,,,
90,9782980.0,16.11,33509.0,14.859999999999998,30909.0,1997,,,,,,,,,,,,,,,,,,,,
07,1064590.0,9.55,19864.0,7.79,16203.0,1998,,,,,,,,,,,,,,,,,,,,
10,568830.0,18.51721217235378,38516.002426032384,15.973755603607403,33225.55113126945,1998,,,,,,,,,,,,,,,,,,,,
15,6269050.0,15.761409336342828,32783.63967746309,13.535206004099505,28153.153969102175,1998,,,,,,,,,,,,,,,,,,,,
20,18744560.0,15.145825626208353,31503.317982390625,12.981944281434187,27002.37223386412,1998,,,,,,,,,,,,,,,,,,,,
40,4386530.0,15.080580960349067,31367.529949641288,13.424965154689469,27923.922125233385,1998,,,,,,,,,,,,,,,,,,,,
48,1499990.0,18.9,39312.0,17.54,36483.0,1998,,,,,,,,,,,,,,,,,,,,
49,855450.0,20.5,42640.0,19.63,40830.0,1998,,,,,,,,,,,,,,,,,,,,
50,6872560.0,15.939960553272725,33154.99929429499,12.614513179950412,26238.306070809133,1998,,,,,,,,,,,,,,,,,,,,
52,22432300.0,9.129494354123295,18989.170465801544,7.421299251525701,15436.28147180628,1998,,,,,,,,,,,,,,,,,,,,
60,7306060.0,16.890461370424003,35131.96915984813,13.35465263082975,27777.733714204373,1998,,,,,,,,,,,,,,,,,,,,
72,1219390.0,9.51,19781.0,7.739999999999999,16099.0,1998,,,,,,,,,,,,,,,,,,,,
75,10434490.0,13.200567598416407,27456.832060790704,9.745566021913863,20271.155265853915,1998,,,,,,,,,,,,,,,,,,,,
79,2206690.0,10.654071573261309,22160.817319152215,7.7064903996483425,16029.403137731171,1998,,,,,,,,,,,,,,,,,,,,
80,10806040.0,15.97,33218.0,12.51,26021.0,1998,,,,,,,,,,,,,,,,,,,,
82,10612700.0,15.97,33218.0,14.18,29494.0,1998,,,,,,,,,,,,,,,,,,,,
83,2630570.0,10.16,21133.0,8.48,17638.0,1998,,,,,,,,,,,,,,,,,,,,
89,5402180.0,19.12747524147659,39785.23407031976,15.528842781988013,32299.592986535066,1998,,,,,,,,,,,,,,,,,,,,
90,9600710.0,16.75,34840.0,15.470000000000002,32178.0,1998,,,,,,,,,,,,,,,,,,,,
07,1106470.0,10.73,22330.0,8.36,17390.0,1999,,,,,,,,,,,,,,,,,,,,
10,528620.0,18.806809049979194,39121.02909462374,16.188199084408456,33680.45249895955,1999,,,,,,,,,,,,,,,,,,,,
15,6593460.0,17.333236843781567,36048.4100912116,15.190024615300617,31591.10509504873,1999,,,,,,,,,,,,,,,,,,,,
20,18520540.0,16.04426576654892,33371.04028824213,13.469472574773736,28016.62520639247,1999,,,,,,,,,,,,,,,,,,,,
40,4493840.0,15.950982589500292,33169.81752799387,14.08252545707012,29291.16550656009,1999,,,,,,,,,,,,,,,,,,,,
48,1590230.0,20.4,42430.0,18.99,39500.0,1999,,,,,,,,,,,,,,,,,,,,
49,860620.0,21.1,43880.0,20.33,42280.0,1999,,,,,,,,,,,,,,,,,,,,
50,6955680.0,16.992531384422517,35351.867768499986,13.347054162928714,27753.11249223656,1999,,,,,,,,,,,,,,,,,,,,
52,22997340.0,9.807405439063823,20398.281318622066,7.875690801631842,16385.827108700396,1999,,,,,,,,,,,,,,,,,,,,
60,7395150.0,18.753136298790423,39007.30650493905,14.490763405745655,30140.36490132046,1999,,,,,,,,,,,,,,,,,,,,
72,1252820.0,10.44,21720.0,8.25,17150.0,1999,,,,,,,,,,,,,,,,,,,,
75,11137780.0,14.217800064285703,29569.06686969935,10.21822690877356,21244.682647708967,1999,,,,,,,,,,,,,,,,,,,,
79,2289800.0,12.252598480216612,25482.036335051096,8.410524412612455,17493.68032142545,1999,,,,,,,,,,,,,,,,,,,,
80,10930740.0,16.34,33990.0,12.99,27020.0,1999,,,,,,,,,,,,,,,,,,,,
82,10887900.0,16.7,34740.0,15.01,31220.0,1999,,,,,,,,,,,,,,,,,,,,
83,2726020.0,10.9,22670.0,9.02,18760.0,1999,,,,,,,,,,,,,,,,,,,,
89,5537710.0,21.097968347927214,43883.84102815062,16.83553620539898,35020.04716751148,1999,,,,,,,,,,,,,,,,,,,,
90,9618160.0,17.66,36720.0,16.24,33770.0,1999,,,,,,,,,,,,,,,,,,,,
07,1140530.0,11.08,23050.0,8.72,18140.0,2000,,,,,,,,,,,,,,,,,,,,
10,545760.0,19.15965680885371,39852.079119026675,16.09117579155673,33460.43297420111,2000,,,,,,,,,,,,,,,,,,,,
15,6826980.0,17.65831238702911,36726.984874717666,15.46944927332437,32176.156543596142,2000,,,,,,,,,,,,,,,,,,,,
20,18322690.0,16.74461166455362,34829.316956189294,14.146932650173094,29428.761792073106,2000,,,,,,,,,,,,,,,,,,,,
40,4591260.0,16.512044471452278,34346.1071906187,14.651711425621723,30469.941323296873,2000,,,,,,,,,,,,,,,,,,,,
48,1721970.0,21.41,44530.0,19.74,41050.0,2000,,,,,,,,,,,,,,,,,,,,
49,853070.0,22.180000000000003,46140.0,21.23,44160.0,2000,,,,,,,,,,,,,,,,,,,,
50,7041560.0,17.7631942211669,36955.992904981285,13.948103957077693,29009.931038008624,2000,,,,,,,,,,,,,,,,,,,,
52,23438730.0,10.017880273376587,20836.318571868014,8.077135356736479,16799.86926339439,2000,,,,,,,,,,,,,,,,,,,,
60,7447080.0,19.39495165890524,40341.85675459375,15.041757829914545,31284.10779795571,2000,,,,,,,,,,,,,,,,,,,,
72,1270140.0,10.62,22080.0,8.45,17570.0,2000,,,,,,,,,,,,,,,,,,,,
75,11718460.0,15.268302430524148,31760.61828090039,10.716916676764695,22287.699151595003,2000,,,,,,,,,,,,,,,,,,,,
79,2341700.0,12.114313874535593,25191.47367297263,8.625366272366229,17943.25289319725,2000,,,,,,,,,,,,,,,,,,,,
80,11102930.0,17.2,35780.0,13.589999999999998,28270.0,2000,,,,,,,,,,,,,,,,,,,,
82,11186330.0,17.53,36460.0,15.56,32360.0,2000,,,,,,,,,,,,,,,,,,,,
83,2856070.0,11.24,23370.0,9.33,19410.0,2000,,,,,,,,,,,,,,,,,,,,
89,5800550.0,21.968546396462408,45697.16883743783,17.62336930118696,36655.61224366655,2000,,,,,,,,,,,,,,,,,,,,
90,9649420.0,18.48,38440.0,17.0,35360.0,2000,,,,,,,,,,,,,,,,,,,,
07,1178000.0,11.51,23940.0,9.16,19050.0,2001,,,,,,,,,,,,,,,,,,,,
10,558560.0,19.948992050988256,41501.921727298766,16.813354876826125,34962.433221140076,2001,,,,,,,,,,,,,,,,,,,,
15,6812440.0,18.139788607312504,37726.81416643669,15.883276990329456,33039.45624475225,2001,,,,,,,,,,,,,,,,,,,,
20,16893660.0,17.44845747457922,36291.78518450117,14.791791506399441,30765.007547210018,2001,,,,,,,,,,,,,,,,,,,,
40,4446530.0,17.114325822607743,35595.23680263037,15.24354793513144,31702.623079120123,2001,,,,,,,,,,,,,,,,,,,,
48,1665940.0,21.95,45650.0,20.42,42480.0,2001,,,,,,,,,,,,,,,,,,,,
49,852380.0,23.29,48430.0,22.36,46510.0,2001,,,,,,,,,,,,,,,,,,,,
50,6670700.0,18.379201358178303,38226.47878033789,14.465337820618526,30085.136492422083,2001,,,,,,,,,,,,,,,,,,,,
52,23329010.0,10.408220528860848,21650.72978664761,8.397595945991707,17462.049384007292,2001,,,,,,,,,,,,,,,,,,,,
60,7583490.0,19.834272702937565,41253.02921214375,15.433273360945948,32100.60953466016,2001,,,,,,,,,,,,,,,,,,,,
72,1285720.0,10.92,22720.0,8.76,18220.0,2001,,,,,,,,,,,,,,,,,,,,
75,10851770.0,15.779772755965155,32811.94207027978,11.120462680281651,23118.81887470892,2001,,,,,,,,,,,,,,,,,,,,
79,2254700.0,12.476512618086664,25950.644653390696,8.77222135982614,18246.91883620881,2001,,,,,,,,,,,,,,,,,,,,
80,11457920.0,17.82,37070.0,14.1,29320.0,2001,,,,,,,,,,,,,,,,,,,,
82,11531950.0,18.16,37760.0,16.19,33680.0,2001,,,,,,,,,,,,,,,,,,,,
83,2999900.0,11.56,24040.0,9.64,20040.0,2001,,,,,,,,,,,,,,,,,,,,
89,5797000.0,22.468844367776434,46728.41066068656,17.967920907365883,37366.19196135933,2001,,,,,,,,,,,,,,,,,,,,
90,10037760.0,19.1,39720.0,17.5,36390.0,2001,,,,,,,,,,,,,,,,,,,,
